diff --git a/diff.log b/diff.log
index 14a6717..e69de29 100644
--- a/diff.log
+++ b/diff.log
@@ -1,5192 +0,0 @@
-diff --git a/data/dump.rdb b/data/dump.rdb
-deleted file mode 100644
-index d485f7d..0000000
-Binary files a/data/dump.rdb and /dev/null differ
-diff --git a/diff.log b/diff.log
-index 4845bf5..e69de29 100644
---- a/diff.log
-+++ b/diff.log
-@@ -1,4937 +0,0 @@
--diff --git a/data/dump.rdb b/data/dump.rdb
--index d485f7d..21bc2e9 100644
--Binary files a/data/dump.rdb and b/data/dump.rdb differ
--diff --git a/diff.log b/diff.log
--index b3fc414..e69de29 100644
----- a/diff.log
--+++ b/diff.log
--@@ -1,4711 +0,0 @@
---diff --git a/data/dump.rdb b/data/dump.rdb
---index d485f7d..53c7c30 100644
---Binary files a/data/dump.rdb and b/data/dump.rdb differ
---diff --git a/diff.log b/diff.log
---index c5bebd4..e69de29 100644
------ a/diff.log
---+++ b/diff.log
---@@ -1,4219 +0,0 @@
----diff --git a/diff.log b/diff.log
----index 56dbf45..e69de29 100644
------- a/diff.log
----+++ b/diff.log
----@@ -1,1666 +0,0 @@
-----diff --git a/data/dump.rdb b/data/dump.rdb
-----index 1d88dd7..d485f7d 100644
-----Binary files a/data/dump.rdb and b/data/dump.rdb differ
-----diff --git a/diff.log b/diff.log
-----index c1c52d1..e69de29 100644
-------- a/diff.log
-----+++ b/diff.log
-----@@ -1,1333 +0,0 @@
------diff --git a/diff.log b/diff.log
------index 9faa140..e69de29 100644
--------- a/diff.log
------+++ b/diff.log
------@@ -1,1168 +0,0 @@
-------diff --git a/diff.log b/diff.log
-------index fe700ed..e69de29 100644
---------- a/diff.log
-------+++ b/diff.log
-------@@ -1,859 +0,0 @@
--------diff --git a/diff.log b/diff.log
--------index fe210ef..e69de29 100644
----------- a/diff.log
--------+++ b/diff.log
--------@@ -1,693 +0,0 @@
---------diff --git a/diff.log b/diff.log
---------index 644b564..e69de29 100644
------------ a/diff.log
---------+++ b/diff.log
---------@@ -1,675 +0,0 @@
----------diff --git a/diff.log b/diff.log
----------index 4f0d2dc..e69de29 100644
------------- a/diff.log
----------+++ b/diff.log
----------@@ -1,510 +0,0 @@
-----------diff --git a/pom.xml b/pom.xml
-----------index 4a6af91..2b5130f 100644
-------------- a/pom.xml
-----------+++ b/pom.xml
-----------@@ -1,7 +1,9 @@
------------<?xml version="1.0" encoding="UTF-8"?>
------------<project xmlns="http://maven.apache.org/POM/4.0.0"
------------	xmlns:xsi="http://www.w3.org/2001/XMLSchema-instance"
------------	xsi:schemaLocation="http://maven.apache.org/POM/4.0.0 https://maven.apache.org/xsd/maven-4.0.0.xsd">
-----------+<?xml version="1.0" encoding="UTF-8" ?>
-----------+<project
-----------+    xmlns="http://maven.apache.org/POM/4.0.0"
-----------+    xmlns:xsi="http://www.w3.org/2001/XMLSchema-instance"
-----------+    xsi:schemaLocation="http://maven.apache.org/POM/4.0.0 https://maven.apache.org/xsd/maven-4.0.0.xsd"
-----------+>
----------- 	<modelVersion>4.0.0</modelVersion>
----------- 	<parent>
----------- 		<groupId>org.springframework.boot</groupId>
-----------@@ -40,7 +42,7 @@
----------- 			<groupId>org.springframework.boot</groupId>
----------- 			<artifactId>spring-boot-starter-webmvc</artifactId>
----------- 		</dependency>
------------		
-----------+
----------- 
----------- 		<dependency>
----------- 			<groupId>org.springframework.boot</groupId>
-----------@@ -95,55 +97,41 @@
----------- 	</dependencies>
----------- 
----------- 	<build>
------------		<plugins>
-----------+    <plugins>
-----------+        <plugin>
-----------+            <groupId>org.springframework.boot</groupId>
-----------+            <artifactId>spring-boot-maven-plugin</artifactId>
-----------+            <configuration>
-----------+                <excludes>
-----------+                    <exclude>
-----------+                        <groupId>org.projectlombok</groupId>
-----------+                        <artifactId>lombok</artifactId>
-----------+                    </exclude>
-----------+                </excludes>
-----------+            </configuration>
-----------+        </plugin>
----------- 
------------			<plugin>
------------				<groupId>org.springframework.boot</groupId>
------------				<artifactId>spring-boot-maven-plugin</artifactId>
------------				<configuration>
------------					<excludes>
------------						<exclude>
------------							<groupId>org.projectlombok</groupId>
------------							<artifactId>lombok</artifactId>
------------						</exclude>
------------					</excludes>
------------				</configuration>
------------			</plugin>
------------			<plugin>
------------				<groupId>org.apache.maven.plugins</groupId>
------------				<artifactId>maven-compiler-plugin</artifactId>
------------				<version>3.8.1</version>
------------				<configuration>
------------					<source>17</source> <!-- depending on your project -->
------------					<target>17</target> <!-- depending on your project -->
------------					<annotationProcessorPaths>
------------						<path>
------------							<groupId>org.projectlombok</groupId>
------------							<artifactId>lombok</artifactId>
------------							<version>1.18.30</version>
------------						</path>
------------						<path>
------------							<groupId>org.mapstruct</groupId>
------------							<artifactId>mapstruct-processor</artifactId>
------------							<version>${org.mapstruct.version}</version>
------------						</path>
------------						<!-- other annotation processors -->
------------					</annotationProcessorPaths>
------------				</configuration>
------------			</plugin>
------------			<plugin>
------------				<groupId>org.springframework.boot</groupId>
------------				<artifactId>spring-boot-maven-plugin</artifactId>
------------				<configuration>
------------					<excludes>
------------						<exclude>
------------							<groupId>org.projectlombok</groupId>
------------							<artifactId>lombok</artifactId>
------------						</exclude>
------------					</excludes>
------------				</configuration>
------------			</plugin>
------------		</plugins>
------------	</build>
-----------+        <plugin>
-----------+            <groupId>org.apache.maven.plugins</groupId>
-----------+            <artifactId>maven-compiler-plugin</artifactId>
-----------+            <version>3.13.0</version> <configuration>
-----------+                <source>25</source>
-----------+                <target>25</target>
-----------+                <annotationProcessorPaths>
-----------+                    <path>
-----------+                        <groupId>org.projectlombok</groupId>
-----------+                        <artifactId>lombok</artifactId>
-----------+                        <version>1.18.36</version>
-----------+                    </path>
-----------+                    <path>
-----------+                        <groupId>org.mapstruct</groupId>
-----------+                        <artifactId>mapstruct-processor</artifactId>
-----------+                        <version>${org.mapstruct.version}</version>
-----------+                    </path>
-----------+                </annotationProcessorPaths>
-----------+            </configuration>
-----------+        </plugin>
-----------+    </plugins>
-----------+</build>
----------- 
------------</project>
-----------\ No newline at end of file
-----------+</project>
-----------diff --git a/src/main/java/com/Ecommerce/EcommerceApp/Controllers/ProductController.java b/src/main/java/com/Ecommerce/EcommerceApp/Controllers/ProductController.java
-----------index 3ba7900..24040c1 100644
-------------- a/src/main/java/com/Ecommerce/EcommerceApp/Controllers/ProductController.java
-----------+++ b/src/main/java/com/Ecommerce/EcommerceApp/Controllers/ProductController.java
-----------@@ -19,7 +19,9 @@ import org.springframework.web.multipart.MultipartFile;
----------- import com.Ecommerce.EcommerceApp.Dtos.ProductDto;
----------- import com.Ecommerce.EcommerceApp.Dtos.ProductResponseDto;
----------- import com.Ecommerce.EcommerceApp.Interfaces.ProductService;
-----------+import com.Ecommerce.EcommerceApp.Lib.AppConstants;
----------- 
-----------+import jakarta.validation.Valid;
----------- import lombok.RequiredArgsConstructor;
----------- 
----------- @RestController
-----------@@ -31,10 +33,10 @@ public class ProductController {
----------- 
-----------     @GetMapping("/public")
-----------     public ResponseEntity<ProductResponseDto> getProducts(
------------            @RequestParam(name = "pageNumber", defaultValue = "0", required = false) Integer pageNumber,
------------            @RequestParam(name = "pageSize", defaultValue = "10", required = false) Integer pageSize,
------------            @RequestParam(name = "sortBy", defaultValue = "name", required = false) String sortBy,
------------            @RequestParam(name = "sortOrder", defaultValue = "asc", required = false) String sortOrder) {
-----------+            @RequestParam(name = "pageNumber", defaultValue = AppConstants.PAGE_NUMBER, required = false) Integer pageNumber,
-----------+            @RequestParam(name = "pageSize", defaultValue = AppConstants.PAGE_SIZE, required = false) Integer pageSize,
-----------+            @RequestParam(name = "sortBy", defaultValue = AppConstants.SORT_PRODUCT_BY, required = false) String sortBy,
-----------+            @RequestParam(name = "sortOrder", defaultValue = AppConstants.SORT_PRODUCTS_DIR, required = false) String sortOrder) {
-----------         ProductResponseDto productDtoList = productService.getAllProducts(pageNumber, pageSize, sortBy, sortOrder);
----------- 
-----------         return new ResponseEntity<>(productDtoList, HttpStatus.OK);
-----------@@ -80,7 +82,7 @@ public class ProductController {
----------- 
----------- 
-----------     @PostMapping("/admin/categories/{categoryId}")
------------    public ResponseEntity<ProductDto> createProduct(@RequestBody ProductDto productDto, @PathVariable Long categoryId) {
-----------+    public ResponseEntity<ProductDto> createProduct(@Valid @RequestBody ProductDto productDto, @PathVariable Long categoryId) {
-----------         ProductDto savedProductDto = productService.saveProduct(productDto, categoryId);
----------- 
-----------         return new ResponseEntity<>(savedProductDto, HttpStatus.CREATED);
-----------@@ -88,7 +90,7 @@ public class ProductController {
-----------     }
----------- 
-----------     @PutMapping("/admin/{id}")
------------    public ResponseEntity<ProductDto> updateProduct(@PathVariable Long id, @RequestBody ProductDto productDto) {
-----------+    public ResponseEntity<ProductDto> updateProduct(@PathVariable Long id, @Valid @RequestBody ProductDto productDto) {
-----------         ProductDto updatedProductDto = productService.updateProduct(id, productDto);
----------- 
-----------         return new ResponseEntity<>(updatedProductDto, HttpStatus.OK);
-----------diff --git a/src/main/java/com/Ecommerce/EcommerceApp/EcommerceAppApplication.java b/src/main/java/com/Ecommerce/EcommerceApp/EcommerceAppApplication.java
-----------index 66835db..8dad35a 100644
-------------- a/src/main/java/com/Ecommerce/EcommerceApp/EcommerceAppApplication.java
-----------+++ b/src/main/java/com/Ecommerce/EcommerceApp/EcommerceAppApplication.java
-----------@@ -6,8 +6,7 @@ import org.springframework.boot.autoconfigure.SpringBootApplication;
----------- @SpringBootApplication
----------- public class EcommerceAppApplication {
----------- 
------------	public static void main(String[] args) {
------------		SpringApplication.run(EcommerceAppApplication.class, args);
------------	}
------------
-----------+    public static void main(String[] args) {
-----------+        SpringApplication.run(EcommerceAppApplication.class, args);
-----------+    }
----------- }
-----------diff --git a/src/main/java/com/Ecommerce/EcommerceApp/Lib/AppConstants.java b/src/main/java/com/Ecommerce/EcommerceApp/Lib/AppConstants.java
-----------index fcb6d5a..47ffd78 100644
-------------- a/src/main/java/com/Ecommerce/EcommerceApp/Lib/AppConstants.java
-----------+++ b/src/main/java/com/Ecommerce/EcommerceApp/Lib/AppConstants.java
-----------@@ -4,6 +4,8 @@ public class AppConstants {
-----------     public static final String PAGE_NUMBER = "0";
-----------     public static final String PAGE_SIZE = "10";
-----------     public static final String SORT_CATEGORIES_BY = "id";
-----------+    public static final String SORT_PRODUCT_BY = "id"; 
-----------     public static final String SORT_CATEGORIES_DIR = "asc";
-----------+    public static final String SORT_PRODUCTS_DIR = "asc";
----------- 
----------- }
-----------diff --git a/src/main/java/com/Ecommerce/EcommerceApp/Mappers/CategoryMapper.java b/src/main/java/com/Ecommerce/EcommerceApp/Mappers/CategoryMapper.java
-----------index 06faa07..bc5d82a 100644
-------------- a/src/main/java/com/Ecommerce/EcommerceApp/Mappers/CategoryMapper.java
-----------+++ b/src/main/java/com/Ecommerce/EcommerceApp/Mappers/CategoryMapper.java
-----------@@ -1,27 +1,27 @@
----------- package com.Ecommerce.EcommerceApp.Mappers;
----------- 
-----------+import com.Ecommerce.EcommerceApp.Dtos.CategoryDto;
-----------+import com.Ecommerce.EcommerceApp.Models.Category;
----------- import java.util.List;
------------
----------- import org.mapstruct.Mapper;
----------- import org.mapstruct.Mapping;
----------- import org.mapstruct.MappingTarget;
----------- 
------------import com.Ecommerce.EcommerceApp.Dtos.CategoryDto;
------------import com.Ecommerce.EcommerceApp.Models.Category;
------------
----------- @Mapper(componentModel = "spring")
------------public interface CategoryMapper {   
------------      
------------    CategoryDto toDto(Category category); 
-----------+public interface CategoryMapper {
-----------+    CategoryDto toDto(Category category);
----------- 
------------       @Mapping(target = "createdAt", ignore = true)
-----------+    @Mapping(target = "createdAt", ignore = true)
-----------     @Mapping(target = "updatedAt", ignore = true)
------------    Category toEntity(CategoryDto categoryDto); 
-----------+    @Mapping(target = "products", ignore = true)
-----------+    Category toEntity(CategoryDto categoryDto);
----------- 
------------    List<CategoryDto> toDto(List<Category> categories); 
-----------+    List<CategoryDto> toDto(List<Category> categories);
----------- 
------------     @Mapping(target = "createdAt", ignore = true)
-----------+    @Mapping(target = "createdAt", ignore = true)
-----------     @Mapping(target = "updatedAt", ignore = true)
------------     void updateCategoryFromDto(CategoryDto categoryDto, @MappingTarget Category category);
------------    
-----------+    void updateCategoryFromDto(
-----------+        CategoryDto categoryDto,
-----------+        @MappingTarget Category category
-----------+    );
----------- }
-----------diff --git a/src/main/java/com/Ecommerce/EcommerceApp/Models/Category.java b/src/main/java/com/Ecommerce/EcommerceApp/Models/Category.java
-----------index 7387aed..7fea3a3 100644
-------------- a/src/main/java/com/Ecommerce/EcommerceApp/Models/Category.java
-----------+++ b/src/main/java/com/Ecommerce/EcommerceApp/Models/Category.java
-----------@@ -1,14 +1,17 @@
----------- package com.Ecommerce.EcommerceApp.Models;
----------- 
----------- import java.time.LocalDateTime;
-----------+import java.util.List;
----------- 
----------- import org.hibernate.annotations.CreationTimestamp;
----------- import org.hibernate.annotations.UpdateTimestamp;
----------- 
-----------+import jakarta.persistence.CascadeType;
----------- import jakarta.persistence.Entity;
----------- import jakarta.persistence.GeneratedValue;
----------- import jakarta.persistence.GenerationType;
----------- import jakarta.persistence.Id;
-----------+import jakarta.persistence.OneToMany;
----------- import jakarta.validation.constraints.NotBlank;
----------- import jakarta.validation.constraints.Size;
----------- import lombok.AllArgsConstructor;
-----------@@ -28,6 +31,9 @@ public class Category {
-----------     @Size(min = 2, message = "Category name must be at least 2 characters long")
-----------     private String name;
----------- 
-----------+    @OneToMany(mappedBy = "category", cascade = CascadeType.ALL)
-----------+    private List<Product> products; 
-----------+
-----------      @CreationTimestamp
-----------     private LocalDateTime createdAt;
----------- 
-----------diff --git a/src/main/java/com/Ecommerce/EcommerceApp/Models/Product.java b/src/main/java/com/Ecommerce/EcommerceApp/Models/Product.java
-----------index f7072a4..580ed47 100644
-------------- a/src/main/java/com/Ecommerce/EcommerceApp/Models/Product.java
-----------+++ b/src/main/java/com/Ecommerce/EcommerceApp/Models/Product.java
-----------@@ -13,6 +13,8 @@ import jakarta.persistence.Id;
----------- import jakarta.persistence.JoinColumn;
----------- import jakarta.persistence.ManyToOne;
----------- import jakarta.persistence.Table;
-----------+import jakarta.validation.constraints.NotBlank;
-----------+import jakarta.validation.constraints.Size;
----------- import lombok.AllArgsConstructor;
----------- import lombok.Data;
----------- import lombok.NoArgsConstructor;
-----------@@ -26,7 +28,12 @@ public class Product {
-----------     @Id
-----------     @GeneratedValue(strategy = GenerationType.AUTO)
-----------     private Long id;
-----------+
-----------+    @NotBlank
-----------+    @Size(min = 3, message = "Product Name must contain atleast 3 character")
-----------     private String name;
-----------+    @NotBlank
-----------+    @Size(min=6, message = "Product description must contain atleast 6  characters")
-----------     private String description;
-----------     private Integer quantity;
-----------     private Double price;
-----------@@ -37,7 +44,8 @@ public class Product {
-----------     @ManyToOne
-----------     @JoinColumn(name = "category_id")
-----------     private Category category;
------------
-----------+    
-----------+    
-----------     @CreationTimestamp
-----------     private LocalDateTime createdAt;
----------- 
-----------diff --git a/src/main/java/com/Ecommerce/EcommerceApp/Services/ProductServiceImpl.java b/src/main/java/com/Ecommerce/EcommerceApp/Services/ProductServiceImpl.java
-----------index debde0c..121f7bd 100644
-------------- a/src/main/java/com/Ecommerce/EcommerceApp/Services/ProductServiceImpl.java
-----------+++ b/src/main/java/com/Ecommerce/EcommerceApp/Services/ProductServiceImpl.java
-----------@@ -22,12 +22,13 @@ import com.Ecommerce.EcommerceApp.Models.Product;
----------- import com.Ecommerce.EcommerceApp.Repositories.ICategoryRepository;
----------- import com.Ecommerce.EcommerceApp.Repositories.ProductRepository;
----------- 
------------
----------- import lombok.RequiredArgsConstructor;
----------- 
----------- /**
------------ * Implementation of the ProductService interface for managing product operations.
------------ * This service handles CRUD operations for products, including pagination, sorting,
-----------+ * Implementation of the ProductService interface for managing product
-----------+ * operations.
-----------+ * This service handles CRUD operations for products, including pagination,
-----------+ * sorting,
-----------  * and associations with categories.
-----------  */
----------- @Service
-----------@@ -36,14 +37,15 @@ public class ProductServiceImpl implements ProductService {
----------- 
-----------     private final ProductRepository productRepository;
-----------     private final ProductMapper productMapper;
------------    private final ICategoryRepository categoryRepository; 
-----------+    private final ICategoryRepository categoryRepository;
----------- 
-----------     /**
-----------      * Retrieves a paginated and sorted list of products.
-----------+     * 
-----------      * @param pageNumber the page number (0-based)
------------     * @param pageSize the number of products per page
------------     * @param sortBy the field to sort by
------------     * @param sortOrder the sort order ("asc" or "desc")
-----------+     * @param pageSize   the number of products per page
-----------+     * @param sortBy     the field to sort by
-----------+     * @param sortOrder  the sort order ("asc" or "desc")
-----------      * @return ProductResponseDto containing the products and pagination metadata
-----------      * @throws ApiException if no products are found
-----------      */
-----------@@ -56,8 +58,8 @@ public class ProductServiceImpl implements ProductService {
-----------         Page<Product> productPage = productRepository.findAll(pageDetails);
-----------         List<Product> products = productPage.getContent();
----------- 
------------        if (products.isEmpty() || products.size() == 0)
------------            throw new ApiException("No Product created till now");
-----------+        // if (products.isEmpty() || products.size() == 0)
-----------+        //     throw new ApiException("No Product created till now");
----------- 
-----------         List<ProductDto> productDtoList = productMapper.toDto(products);
-----------         return new ProductResponseDto(
-----------@@ -74,6 +76,7 @@ public class ProductServiceImpl implements ProductService {
----------- 
-----------     /**
-----------      * Retrieves a product by its ID.
-----------+     * 
-----------      * @param id the product ID
-----------      * @return ProductDto of the found product
-----------      * @throws ResourceNotFoundException if the product is not found
-----------@@ -86,11 +89,10 @@ public class ProductServiceImpl implements ProductService {
-----------         return productMapper.toDto(product);
-----------     }
----------- 
------------    
------------
-----------     /**
-----------      * Creates a new product and associates it with a category.
-----------      * Calculates special price based on discount.
-----------+     * 
-----------      * @param productDto the product data transfer object
-----------      * @param categoryId the ID of the category to associate
-----------      * @return ProductDto of the created product
-----------@@ -102,24 +104,40 @@ public class ProductServiceImpl implements ProductService {
-----------         Category category = categoryRepository.findById(categoryId)
-----------                 .orElseThrow(() -> new ResourceNotFoundException("Category", "id", categoryId));
----------- 
------------        product.setCategory(category);
------------        product.setImageUrl("something.png");
-----------+        boolean isProductExist = false;
-----------+
-----------+        List<Product> products = category.getProducts();
----------- 
------------        Double discount = product.getDiscount() != null ? product.getDiscount() : 0.0; 
-----------+        for (Product value : products) {
-----------+            if (value.getName().equals(productDto.getName())) {
-----------+                isProductExist = true;
-----------+                break;
-----------+            }
-----------+        }
----------- 
------------        Double specialPrice = product.getPrice() - ((discount * 0.01) * product.getPrice());
------------        product.setSpecialPrice(specialPrice);
-----------+        if (!isProductExist) {
-----------+            product.setCategory(category);
-----------+            product.setImageUrl("something.png");
----------- 
-----------+            Double discount = product.getDiscount() != null ? product.getDiscount() : 0.0;
----------- 
-----------+            Double specialPrice = product.getPrice() - ((discount * 0.01) * product.getPrice());
-----------+            product.setSpecialPrice(specialPrice);
----------- 
------------        Product savedProduct = productRepository.save(product);
-----------+            Product savedProduct = productRepository.save(product);
-----------+
-----------+            return productMapper.toDto(savedProduct);
-----------+
-----------+        } else {
-----------+            throw new ApiException("Product already exist");
-----------+        }
----------- 
------------        return productMapper.toDto(savedProduct);
-----------     }
----------- 
-----------     /**
-----------      * Updates an existing product with new data.
------------     * @param id the product ID
-----------+     * 
-----------+     * @param id         the product ID
-----------      * @param productDto the updated product data
-----------      * @return ProductDto of the updated product
-----------      * @throws ResourceNotFoundException if the product is not found
-----------@@ -141,6 +159,7 @@ public class ProductServiceImpl implements ProductService {
----------- 
-----------     /**
-----------      * Deletes a product by its ID.
-----------+     * 
-----------      * @param id the product ID
-----------      * @return ProductDto of the deleted product
-----------      * @throws ResourceNotFoundException if the product is not found
-----------@@ -157,39 +176,41 @@ public class ProductServiceImpl implements ProductService {
-----------     }
----------- 
-----------     @Override
------------    public List<ProductDto> getProductsByCategory(Long categoryId, Integer pageNumber, Integer pageSize, String sortBy, String sortOrder) {
-----------+    public List<ProductDto> getProductsByCategory(Long categoryId, Integer pageNumber, Integer pageSize, String sortBy,
-----------+            String sortOrder) {
----------- 
-----------         Category category = categoryRepository.findById(categoryId)
-----------                 .orElseThrow(() -> new ResourceNotFoundException("Category", "id", categoryId));
------------        List<Product> products = productRepository.findByCategoryOrderByPriceAsc(category);  
-----------+        List<Product> products = productRepository.findByCategoryOrderByPriceAsc(category);
----------- 
------------        List<ProductDto> productDtoList = productMapper.toDto(products); 
-----------+        List<ProductDto> productDtoList = productMapper.toDto(products);
----------- 
------------        return productDtoList; 
-----------+        return productDtoList;
-----------     }
----------- 
-----------     @Override
------------    public List<ProductDto> getProductsByKeyword(String keyword, Integer pageNumber, Integer pageSize, String sortBy, String sortOrder) {
-----------+    public List<ProductDto> getProductsByKeyword(String keyword, Integer pageNumber, Integer pageSize, String sortBy,
-----------+            String sortOrder) {
----------- 
------------        
------------        List<Product> products = productRepository.findByNameLikeIgnoreCase('%' + keyword + '%');  
-----------+        List<Product> products = productRepository.findByNameLikeIgnoreCase('%' + keyword + '%');
----------- 
------------        List<ProductDto> productDtoList = productMapper.toDto(products); 
-----------+        List<ProductDto> productDtoList = productMapper.toDto(products);
----------- 
------------        return productDtoList; 
-----------+        return productDtoList;
-----------     }
----------- 
------------	@Override
------------	public ProductDto updateProductImage(Long productId, MultipartFile image) throws IOException {
------------		Product product  = productRepository.findById(productId).orElseThrow(() -> new ResourceNotFoundException("Product", "productId", productId));
------------        // String path = "/images"; 
-----------+    @Override
-----------+    public ProductDto updateProductImage(Long productId, MultipartFile image) throws IOException {
-----------+        Product product = productRepository.findById(productId)
-----------+                .orElseThrow(() -> new ResourceNotFoundException("Product", "productId", productId));
-----------+        // String path = "/images";
-----------         String fileName = Utils.uploadImage(image);
------------        
-----------+
-----------         product.setImageUrl(fileName);
----------- 
------------        Product updatedProduct = productRepository.save(product); 
-----------+        Product updatedProduct = productRepository.save(product);
----------- 
------------        return productMapper.toDto(updatedProduct); 
------------	}
-----------+        return productMapper.toDto(updatedProduct);
-----------+    }
----------- 
----------- }
-----------diff --git a/src/main/resources/application.properties b/src/main/resources/application.properties
-----------index 928ce21..01bb3cb 100644
-------------- a/src/main/resources/application.properties
-----------+++ b/src/main/resources/application.properties
-----------@@ -13,4 +13,5 @@ spring.jpa.show-sql=true
----------- spring.jpa.properties.hibernate.format_sql=true
----------- 
----------- 
------------logging.level.web=DEBUG 
-----------\ No newline at end of file
-----------+logging.level.web=DEBUG 
-----------+
----------diff --git a/src/main/java/com/Ecommerce/EcommerceApp/Controllers/ProductController.java b/src/main/java/com/Ecommerce/EcommerceApp/Controllers/ProductController.java
----------index 24040c1..e9328ad 100644
------------- a/src/main/java/com/Ecommerce/EcommerceApp/Controllers/ProductController.java
----------+++ b/src/main/java/com/Ecommerce/EcommerceApp/Controllers/ProductController.java
----------@@ -53,36 +53,37 @@ public class ProductController {
---------- 
----------     @GetMapping("/public/categories/{categoryId}")
----------     public ResponseEntity<List<ProductDto>> getProductsByCategory(@PathVariable Long categoryId,
-----------            @RequestParam(name = "pageNumber", defaultValue = "0", required = false) Integer pageNumber,
-----------            @RequestParam(name = "pageSize", defaultValue = "10", required = false) Integer pageSize,
-----------            @RequestParam(name = "sortBy", defaultValue = "name", required = false) String sortBy,
-----------            @RequestParam(name = "sortOrder", defaultValue = "asc", required = false) String sortOrder
----------+            @RequestParam(name = "pageNumber", defaultValue = AppConstants.PAGE_NUMBER, required = false) Integer pageNumber,
----------+            @RequestParam(name = "pageSize", defaultValue = AppConstants.PAGE_SIZE, required = false) Integer pageSize,
----------+            @RequestParam(name = "sortBy", defaultValue = AppConstants.SORT_PRODUCT_BY, required = false) String sortBy,
----------+            @RequestParam(name = "sortOrder", defaultValue = AppConstants.SORT_PRODUCTS_DIR, required = false) String sortOrder
---------- 
----------     ) {
-----------        List<ProductDto> productDtoList = productService.getProductsByCategory(categoryId, pageNumber, pageSize, sortBy, sortOrder);
----------+        List<ProductDto> productDtoList = productService.getProductsByCategory(categoryId, pageNumber, pageSize, sortBy,
----------+                sortOrder);
---------- 
----------         return new ResponseEntity<>(productDtoList, HttpStatus.OK);
---------- 
----------     }
---------- 
-----------
-----------     @GetMapping("/public/keyword/{keyword}")
----------+    @GetMapping("/public/keyword/{keyword}")
----------     public ResponseEntity<List<ProductDto>> getProductsByKeyword(@PathVariable String keyword,
-----------            @RequestParam(name = "pageNumber", defaultValue = "0", required = false) Integer pageNumber,
-----------            @RequestParam(name = "pageSize", defaultValue = "10", required = false) Integer pageSize,
-----------            @RequestParam(name = "sortBy", defaultValue = "name", required = false) String sortBy,
-----------            @RequestParam(name = "sortOrder", defaultValue = "asc", required = false) String sortOrder
----------+            @RequestParam(name = "pageNumber", defaultValue = AppConstants.PAGE_NUMBER, required = false) Integer pageNumber,
----------+            @RequestParam(name = "pageSize", defaultValue = AppConstants.PAGE_SIZE, required = false) Integer pageSize,
----------+            @RequestParam(name = "sortBy", defaultValue = AppConstants.SORT_PRODUCT_BY, required = false) String sortBy,
----------+            @RequestParam(name = "sortOrder", defaultValue = AppConstants.SORT_PRODUCTS_DIR, required = false) String sortOrder
---------- 
----------     ) {
-----------        List<ProductDto> productDtoList = productService.getProductsByKeyword(keyword, pageNumber, pageSize, sortBy, sortOrder);
----------+        List<ProductDto> productDtoList = productService.getProductsByKeyword(keyword, pageNumber, pageSize, sortBy,
----------+                sortOrder);
---------- 
----------         return new ResponseEntity<>(productDtoList, HttpStatus.OK);
---------- 
----------     }
---------- 
-----------
----------     @PostMapping("/admin/categories/{categoryId}")
-----------    public ResponseEntity<ProductDto> createProduct(@Valid @RequestBody ProductDto productDto, @PathVariable Long categoryId) {
----------+    public ResponseEntity<ProductDto> createProduct(@Valid @RequestBody ProductDto productDto,
----------+            @PathVariable Long categoryId) {
----------         ProductDto savedProductDto = productService.saveProduct(productDto, categoryId);
---------- 
----------         return new ResponseEntity<>(savedProductDto, HttpStatus.CREATED);
----------@@ -97,8 +98,9 @@ public class ProductController {
---------- 
----------     }
---------- 
-----------     @PutMapping("/public/{productId}/image")
-----------    public ResponseEntity<ProductDto> updateProductImage(@PathVariable Long productId, @RequestParam("image") MultipartFile image ) throws IOException {
----------+    @PutMapping("/public/{productId}/image")
----------+    public ResponseEntity<ProductDto> updateProductImage(@PathVariable Long productId,
----------+            @RequestParam("image") MultipartFile image) throws IOException {
----------         ProductDto updatedProductDto = productService.updateProductImage(productId, image);
---------- 
----------         return new ResponseEntity<>(updatedProductDto, HttpStatus.OK);
----------diff --git a/src/main/java/com/Ecommerce/EcommerceApp/Repositories/ProductRepository.java b/src/main/java/com/Ecommerce/EcommerceApp/Repositories/ProductRepository.java
----------index da723f7..42b04b5 100644
------------- a/src/main/java/com/Ecommerce/EcommerceApp/Repositories/ProductRepository.java
----------+++ b/src/main/java/com/Ecommerce/EcommerceApp/Repositories/ProductRepository.java
----------@@ -2,7 +2,8 @@ package com.Ecommerce.EcommerceApp.Repositories;
---------- 
---------- import java.util.List;
---------- 
-----------
----------+import org.springframework.data.domain.Page;
----------+import org.springframework.data.domain.Pageable;
---------- import org.springframework.data.jpa.repository.JpaRepository;
---------- import org.springframework.stereotype.Repository;
---------- 
----------@@ -11,7 +12,7 @@ import com.Ecommerce.EcommerceApp.Models.Product;
---------- 
---------- @Repository
---------- public interface ProductRepository extends JpaRepository<Product, Long>  {
-----------    List<Product> findByCategoryOrderByPriceAsc(Category category);
-----------    List<Product> findByNameLikeIgnoreCase(String keyword);  
----------+    Page<Product> findByCategoryOrderByPriceAsc(Category category, Pageable pageDetails);
----------+    Page<Product> findByNameLikeIgnoreCase(String keyword, Pageable pageDetails);  
----------     
---------- }
----------diff --git a/src/main/java/com/Ecommerce/EcommerceApp/Services/ProductServiceImpl.java b/src/main/java/com/Ecommerce/EcommerceApp/Services/ProductServiceImpl.java
----------index 121f7bd..0f9593a 100644
------------- a/src/main/java/com/Ecommerce/EcommerceApp/Services/ProductServiceImpl.java
----------+++ b/src/main/java/com/Ecommerce/EcommerceApp/Services/ProductServiceImpl.java
----------@@ -50,7 +50,11 @@ public class ProductServiceImpl implements ProductService {
----------      * @throws ApiException if no products are found
----------      */
----------     @Override
-----------    public ProductResponseDto getAllProducts(Integer pageNumber, Integer pageSize, String sortBy, String sortOrder) {
----------+    public ProductResponseDto getAllProducts(
----------+            Integer pageNumber,
----------+            Integer pageSize,
----------+            String sortBy,
----------+            String sortOrder) {
----------         Sort sortByAndOrder = sortOrder.equalsIgnoreCase("asc") ? Sort.by(sortBy).ascending()
----------                 : Sort.by(sortBy).descending();
----------         Pageable pageDetails = PageRequest.of(pageNumber, pageSize, sortByAndOrder);
----------@@ -59,7 +63,7 @@ public class ProductServiceImpl implements ProductService {
----------         List<Product> products = productPage.getContent();
---------- 
----------         // if (products.isEmpty() || products.size() == 0)
-----------        //     throw new ApiException("No Product created till now");
----------+        // throw new ApiException("No Product created till now");
---------- 
----------         List<ProductDto> productDtoList = productMapper.toDto(products);
----------         return new ProductResponseDto(
----------@@ -179,9 +183,18 @@ public class ProductServiceImpl implements ProductService {
----------     public List<ProductDto> getProductsByCategory(Long categoryId, Integer pageNumber, Integer pageSize, String sortBy,
----------             String sortOrder) {
---------- 
----------+                Sort sortByAndOrder = sortOrder.equalsIgnoreCase("asc") ? Sort.by(sortBy).ascending()
----------+                : Sort.by(sortBy).descending();
----------+        Pageable pageDetails = PageRequest.of(pageNumber, pageSize, sortByAndOrder);
----------+
----------+             
----------+
----------         Category category = categoryRepository.findById(categoryId)
----------                 .orElseThrow(() -> new ResourceNotFoundException("Category", "id", categoryId));
-----------        List<Product> products = productRepository.findByCategoryOrderByPriceAsc(category);
----------+        // List<Product> products = productRepository.findByCategoryOrderByPriceAsc(category);
----------+        Page<Product> productPage = productRepository.findByCategoryOrderByPriceAsc(category, pageDetails);
----------+
----------+        List<Product> products = productPage.getContent(); 
---------- 
----------         List<ProductDto> productDtoList = productMapper.toDto(products);
---------- 
----------@@ -192,7 +205,20 @@ public class ProductServiceImpl implements ProductService {
----------     public List<ProductDto> getProductsByKeyword(String keyword, Integer pageNumber, Integer pageSize, String sortBy,
----------             String sortOrder) {
---------- 
-----------        List<Product> products = productRepository.findByNameLikeIgnoreCase('%' + keyword + '%');
----------+                 Sort sortByAndOrder = sortOrder.equalsIgnoreCase("asc") ? Sort.by(sortBy).ascending()
----------+                : Sort.by(sortBy).descending();
----------+        Pageable pageDetails = PageRequest.of(pageNumber, pageSize, sortByAndOrder);
----------+
----------+             
----------+
----------+        // Category category = categoryRepository.findById(categoryId)
----------+        //         .orElseThrow(() -> new ResourceNotFoundException("Category", "id", categoryId));
----------+        // List<Product> products = productRepository.findByCategoryOrderByPriceAsc(category);
----------+        Page<Product> productPage = productRepository.findByNameLikeIgnoreCase(keyword, pageDetails);
----------+
----------+       List<Product> products = productPage.getContent(); 
----------+
----------+      
---------- 
----------         List<ProductDto> productDtoList = productMapper.toDto(products);
---------- 
---------diff --git a/src/main/java/com/Ecommerce/EcommerceApp/Services/ProductServiceImpl.java b/src/main/java/com/Ecommerce/EcommerceApp/Services/ProductServiceImpl.java
---------index 0f9593a..2089cbc 100644
------------ a/src/main/java/com/Ecommerce/EcommerceApp/Services/ProductServiceImpl.java
---------+++ b/src/main/java/com/Ecommerce/EcommerceApp/Services/ProductServiceImpl.java
---------@@ -214,7 +214,7 @@ public class ProductServiceImpl implements ProductService {
---------         // Category category = categoryRepository.findById(categoryId)
---------         //         .orElseThrow(() -> new ResourceNotFoundException("Category", "id", categoryId));
---------         // List<Product> products = productRepository.findByCategoryOrderByPriceAsc(category);
----------        Page<Product> productPage = productRepository.findByNameLikeIgnoreCase(keyword, pageDetails);
---------+        Page<Product> productPage = productRepository.findByNameLikeIgnoreCase("%" + keyword + "%", pageDetails);
--------- 
---------        List<Product> products = productPage.getContent(); 
--------- 
--------diff --git a/src/main/java/com/Ecommerce/EcommerceApp/Controllers/ProductController.java b/src/main/java/com/Ecommerce/EcommerceApp/Controllers/ProductController.java
--------index e9328ad..36ad525 100644
----------- a/src/main/java/com/Ecommerce/EcommerceApp/Controllers/ProductController.java
--------+++ b/src/main/java/com/Ecommerce/EcommerceApp/Controllers/ProductController.java
--------@@ -52,32 +52,33 @@ public class ProductController {
--------     }
-------- 
--------     @GetMapping("/public/categories/{categoryId}")
---------    public ResponseEntity<List<ProductDto>> getProductsByCategory(@PathVariable Long categoryId,
--------+    public ResponseEntity<ProductResponseDto> getProductsByCategory(@PathVariable Long categoryId,
--------             @RequestParam(name = "pageNumber", defaultValue = AppConstants.PAGE_NUMBER, required = false) Integer pageNumber,
--------             @RequestParam(name = "pageSize", defaultValue = AppConstants.PAGE_SIZE, required = false) Integer pageSize,
--------             @RequestParam(name = "sortBy", defaultValue = AppConstants.SORT_PRODUCT_BY, required = false) String sortBy,
--------             @RequestParam(name = "sortOrder", defaultValue = AppConstants.SORT_PRODUCTS_DIR, required = false) String sortOrder
-------- 
--------     ) {
---------        List<ProductDto> productDtoList = productService.getProductsByCategory(categoryId, pageNumber, pageSize, sortBy,
--------+        ProductResponseDto productResponse = productService.getProductsByCategory(categoryId, pageNumber, pageSize,
--------+                sortBy,
--------                 sortOrder);
-------- 
---------        return new ResponseEntity<>(productDtoList, HttpStatus.OK);
--------+        return new ResponseEntity<>(productResponse, HttpStatus.OK);
-------- 
--------     }
-------- 
---------    @GetMapping("/public/keyword/{keyword}")
---------    public ResponseEntity<List<ProductDto>> getProductsByKeyword(@PathVariable String keyword,
--------+    @GetMapping("/public/search")
--------+    public ResponseEntity<ProductResponseDto> getProductsByKeyword(@RequestParam String keyword,
--------             @RequestParam(name = "pageNumber", defaultValue = AppConstants.PAGE_NUMBER, required = false) Integer pageNumber,
--------             @RequestParam(name = "pageSize", defaultValue = AppConstants.PAGE_SIZE, required = false) Integer pageSize,
--------             @RequestParam(name = "sortBy", defaultValue = AppConstants.SORT_PRODUCT_BY, required = false) String sortBy,
--------             @RequestParam(name = "sortOrder", defaultValue = AppConstants.SORT_PRODUCTS_DIR, required = false) String sortOrder
-------- 
--------     ) {
---------        List<ProductDto> productDtoList = productService.getProductsByKeyword(keyword, pageNumber, pageSize, sortBy,
--------+        ProductResponseDto productResponse = productService.getProductsByKeyword(keyword, pageNumber, pageSize, sortBy,
--------                 sortOrder);
-------- 
---------        return new ResponseEntity<>(productDtoList, HttpStatus.OK);
--------+        return new ResponseEntity<>(productResponse, HttpStatus.OK);
-------- 
--------     }
-------- 
--------diff --git a/src/main/java/com/Ecommerce/EcommerceApp/Interfaces/ProductService.java b/src/main/java/com/Ecommerce/EcommerceApp/Interfaces/ProductService.java
--------index 2295740..35d9f93 100644
----------- a/src/main/java/com/Ecommerce/EcommerceApp/Interfaces/ProductService.java
--------+++ b/src/main/java/com/Ecommerce/EcommerceApp/Interfaces/ProductService.java
--------@@ -1,7 +1,5 @@
-------- package com.Ecommerce.EcommerceApp.Interfaces;
-------- 
---------
---------
-------- import java.io.IOException;
-------- import java.util.List;
-------- 
--------@@ -21,9 +19,12 @@ public interface ProductService {
-------- 
--------     ProductDto deleteProduct(Long id);
-------- 
---------    List<ProductDto> getProductsByCategory(Long categoryId, Integer pageNumber, Integer pageSize, String sortBy, String sortOrder); 
---------    List<ProductDto> getProductsByKeyword(String keyword, Integer pageNumber, Integer pageSize, String sortBy, String sortOrder);
---------    
---------    ProductDto updateProductImage(Long productId, MultipartFile image) throws IOException; 
--------+    ProductResponseDto getProductsByCategory(Long categoryId, Integer pageNumber, Integer pageSize, String sortBy,
--------+            String sortOrder);
--------+
--------+    ProductResponseDto getProductsByKeyword(String keyword, Integer pageNumber, Integer pageSize, String sortBy,
--------+            String sortOrder);
--------+
--------+    ProductDto updateProductImage(Long productId, MultipartFile image) throws IOException;
-------- 
-------- }
--------diff --git a/src/main/java/com/Ecommerce/EcommerceApp/Services/ProductServiceImpl.java b/src/main/java/com/Ecommerce/EcommerceApp/Services/ProductServiceImpl.java
--------index 2089cbc..f45c1a7 100644
----------- a/src/main/java/com/Ecommerce/EcommerceApp/Services/ProductServiceImpl.java
--------+++ b/src/main/java/com/Ecommerce/EcommerceApp/Services/ProductServiceImpl.java
--------@@ -180,49 +180,65 @@ public class ProductServiceImpl implements ProductService {
--------     }
-------- 
--------     @Override
---------    public List<ProductDto> getProductsByCategory(Long categoryId, Integer pageNumber, Integer pageSize, String sortBy,
--------+    public ProductResponseDto getProductsByCategory(Long categoryId, Integer pageNumber, Integer pageSize,
--------+            String sortBy,
--------             String sortOrder) {
-------- 
---------                Sort sortByAndOrder = sortOrder.equalsIgnoreCase("asc") ? Sort.by(sortBy).ascending()
--------+        Sort sortByAndOrder = sortOrder.equalsIgnoreCase("asc") ? Sort.by(sortBy).ascending()
--------                 : Sort.by(sortBy).descending();
--------         Pageable pageDetails = PageRequest.of(pageNumber, pageSize, sortByAndOrder);
-------- 
---------             
---------
--------         Category category = categoryRepository.findById(categoryId)
--------                 .orElseThrow(() -> new ResourceNotFoundException("Category", "id", categoryId));
---------        // List<Product> products = productRepository.findByCategoryOrderByPriceAsc(category);
--------+        // List<Product> products =
--------+        // productRepository.findByCategoryOrderByPriceAsc(category);
--------         Page<Product> productPage = productRepository.findByCategoryOrderByPriceAsc(category, pageDetails);
-------- 
---------        List<Product> products = productPage.getContent(); 
--------+        List<Product> products = productPage.getContent();
-------- 
--------         List<ProductDto> productDtoList = productMapper.toDto(products);
-------- 
---------        return productDtoList;
--------+        return new ProductResponseDto(
--------+
--------+                productDtoList,
--------+                productPage.getNumber(),
--------+                productPage.getSize(),
--------+                (int) productPage.getTotalElements(),
--------+                productPage.getTotalPages(),
--------+                productPage.isLast()
--------+
--------+        );
--------     }
-------- 
--------     @Override
---------    public List<ProductDto> getProductsByKeyword(String keyword, Integer pageNumber, Integer pageSize, String sortBy,
--------+    public ProductResponseDto getProductsByKeyword(String keyword, Integer pageNumber, Integer pageSize, String sortBy,
--------             String sortOrder) {
-------- 
---------                 Sort sortByAndOrder = sortOrder.equalsIgnoreCase("asc") ? Sort.by(sortBy).ascending()
--------+        Sort sortByAndOrder = sortOrder.equalsIgnoreCase("asc") ? Sort.by(sortBy).ascending()
--------                 : Sort.by(sortBy).descending();
--------         Pageable pageDetails = PageRequest.of(pageNumber, pageSize, sortByAndOrder);
-------- 
---------             
---------
--------         // Category category = categoryRepository.findById(categoryId)
---------        //         .orElseThrow(() -> new ResourceNotFoundException("Category", "id", categoryId));
---------        // List<Product> products = productRepository.findByCategoryOrderByPriceAsc(category);
--------+        // .orElseThrow(() -> new ResourceNotFoundException("Category", "id",
--------+        // categoryId));
--------+        // List<Product> products =
--------+        // productRepository.findByCategoryOrderByPriceAsc(category);
--------         Page<Product> productPage = productRepository.findByNameLikeIgnoreCase("%" + keyword + "%", pageDetails);
-------- 
---------       List<Product> products = productPage.getContent(); 
---------
---------      
--------+        List<Product> products = productPage.getContent();
-------- 
--------         List<ProductDto> productDtoList = productMapper.toDto(products);
-------- 
---------        return productDtoList;
--------+        return new ProductResponseDto(
--------+
--------+                productDtoList,
--------+                productPage.getNumber(),
--------+                productPage.getSize(),
--------+                (int) productPage.getTotalElements(),
--------+                productPage.getTotalPages(),
--------+                productPage.isLast()
--------+
--------+        );
--------     }
-------- 
--------     @Override
-------diff --git a/pom.xml b/pom.xml
-------index 2b5130f..408cf3f 100644
---------- a/pom.xml
-------+++ b/pom.xml
-------@@ -1,8 +1,8 @@
--------<?xml version="1.0" encoding="UTF-8" ?>
-------+<?xml version="1.0" encoding="UTF-8"?>
------- <project
--------    xmlns="http://maven.apache.org/POM/4.0.0"
--------    xmlns:xsi="http://www.w3.org/2001/XMLSchema-instance"
--------    xsi:schemaLocation="http://maven.apache.org/POM/4.0.0 https://maven.apache.org/xsd/maven-4.0.0.xsd"
-------+	xmlns="http://maven.apache.org/POM/4.0.0"
-------+	xmlns:xsi="http://www.w3.org/2001/XMLSchema-instance"
-------+	xsi:schemaLocation="http://maven.apache.org/POM/4.0.0 https://maven.apache.org/xsd/maven-4.0.0.xsd"
------- >
------- 	<modelVersion>4.0.0</modelVersion>
------- 	<parent>
-------@@ -34,6 +34,30 @@
------- 		<org.mapstruct.version>1.6.3</org.mapstruct.version>
------- 	</properties>
------- 	<dependencies>
-------+		<!-- https://mvnrepository.com/artifact/io.jsonwebtoken/jjwt-jackson -->
-------+		<dependency>
-------+			<groupId>io.jsonwebtoken</groupId>
-------+			<artifactId>jjwt-jackson</artifactId>
-------+			<version>0.13.0</version>
-------+			<scope>runtime</scope>
-------+		</dependency>
-------+		<!-- https://mvnrepository.com/artifact/io.jsonwebtoken/jjwt-impl -->
-------+		<dependency>
-------+			<groupId>io.jsonwebtoken</groupId>
-------+			<artifactId>jjwt-impl</artifactId>
-------+			<version>0.13.0</version>
-------+			<scope>runtime</scope>
-------+		</dependency>
-------+		<!-- https://mvnrepository.com/artifact/io.jsonwebtoken/jjwt-api -->
-------+		<dependency>
-------+			<groupId>io.jsonwebtoken</groupId>
-------+			<artifactId>jjwt-api</artifactId>
-------+			<version>0.13.0</version>
-------+		</dependency>
-------+		<dependency>
-------+			<groupId>org.springframework.boot</groupId>
-------+			<artifactId>spring-boot-starter-security</artifactId>
-------+		</dependency>
------- 		<dependency>
------- 			<groupId>org.springframework.boot</groupId>
------- 			<artifactId>spring-boot-starter-data-jpa</artifactId>
-------@@ -94,44 +118,50 @@
------- 			<artifactId>postgresql</artifactId>
------- 			<scope>runtime</scope>
------- 		</dependency>
-------+		<dependency>
-------+			<groupId>org.springframework.boot</groupId>
-------+			<artifactId>spring-boot-starter-security-test</artifactId>
-------+			<scope>test</scope>
-------+		</dependency>
------- 	</dependencies>
------- 
------- 	<build>
--------    <plugins>
--------        <plugin>
--------            <groupId>org.springframework.boot</groupId>
--------            <artifactId>spring-boot-maven-plugin</artifactId>
--------            <configuration>
--------                <excludes>
--------                    <exclude>
--------                        <groupId>org.projectlombok</groupId>
--------                        <artifactId>lombok</artifactId>
--------                    </exclude>
--------                </excludes>
--------            </configuration>
--------        </plugin>
-------+		<plugins>
-------+			<plugin>
-------+				<groupId>org.springframework.boot</groupId>
-------+				<artifactId>spring-boot-maven-plugin</artifactId>
-------+				<configuration>
-------+					<excludes>
-------+						<exclude>
-------+							<groupId>org.projectlombok</groupId>
-------+							<artifactId>lombok</artifactId>
-------+						</exclude>
-------+					</excludes>
-------+				</configuration>
-------+			</plugin>
------- 
--------        <plugin>
--------            <groupId>org.apache.maven.plugins</groupId>
--------            <artifactId>maven-compiler-plugin</artifactId>
--------            <version>3.13.0</version> <configuration>
--------                <source>25</source>
--------                <target>25</target>
--------                <annotationProcessorPaths>
--------                    <path>
--------                        <groupId>org.projectlombok</groupId>
--------                        <artifactId>lombok</artifactId>
--------                        <version>1.18.36</version>
--------                    </path>
--------                    <path>
--------                        <groupId>org.mapstruct</groupId>
--------                        <artifactId>mapstruct-processor</artifactId>
--------                        <version>${org.mapstruct.version}</version>
--------                    </path>
--------                </annotationProcessorPaths>
--------            </configuration>
--------        </plugin>
--------    </plugins>
--------</build>
-------+			<plugin>
-------+				<groupId>org.apache.maven.plugins</groupId>
-------+				<artifactId>maven-compiler-plugin</artifactId>
-------+				<version>3.13.0</version>
-------+				<configuration>
-------+					<source>25</source>
-------+					<target>25</target>
-------+					<annotationProcessorPaths>
-------+						<path>
-------+							<groupId>org.projectlombok</groupId>
-------+							<artifactId>lombok</artifactId>
-------+							<version>1.18.36</version>
-------+						</path>
-------+						<path>
-------+							<groupId>org.mapstruct</groupId>
-------+							<artifactId>mapstruct-processor</artifactId>
-------+							<version>${org.mapstruct.version}</version>
-------+						</path>
-------+					</annotationProcessorPaths>
-------+				</configuration>
-------+			</plugin>
-------+		</plugins>
-------+	</build>
------- 
--------</project>
-------+</project>
-------\ No newline at end of file
-------diff --git a/src/main/java/com/Ecommerce/EcommerceApp/Controllers/ProductController.java b/src/main/java/com/Ecommerce/EcommerceApp/Controllers/ProductController.java
-------index 36ad525..23703df 100644
---------- a/src/main/java/com/Ecommerce/EcommerceApp/Controllers/ProductController.java
-------+++ b/src/main/java/com/Ecommerce/EcommerceApp/Controllers/ProductController.java
-------@@ -1,7 +1,7 @@
------- package com.Ecommerce.EcommerceApp.Controllers;
------- 
------- import java.io.IOException;
--------import java.util.List;
-------+
------- 
------- import org.springframework.http.HttpStatus;
------- import org.springframework.http.ResponseEntity;
-------diff --git a/src/main/java/com/Ecommerce/EcommerceApp/Dtos/ProductDto.java b/src/main/java/com/Ecommerce/EcommerceApp/Dtos/ProductDto.java
-------index 63373d1..e459473 100644
---------- a/src/main/java/com/Ecommerce/EcommerceApp/Dtos/ProductDto.java
-------+++ b/src/main/java/com/Ecommerce/EcommerceApp/Dtos/ProductDto.java
-------@@ -1,11 +1,6 @@
------- package com.Ecommerce.EcommerceApp.Dtos;
------- 
--------
--------
--------
--------
--------
--------
-------+import com.Ecommerce.EcommerceApp.Models.User;
------- 
------- import lombok.AllArgsConstructor;
------- import lombok.Getter;
-------@@ -25,9 +20,8 @@ public class ProductDto {
-------     private Double price;
-------     private Double specialPrice;
-------     private String imageUrl;
--------    private Double discount; 
--------    
--------    
-------+    private Double discount;
-------+    private User user;
------- 
-------     // private Category category;
------- 
-------diff --git a/src/main/java/com/Ecommerce/EcommerceApp/Interfaces/ProductService.java b/src/main/java/com/Ecommerce/EcommerceApp/Interfaces/ProductService.java
-------index 35d9f93..b6a7708 100644
---------- a/src/main/java/com/Ecommerce/EcommerceApp/Interfaces/ProductService.java
-------+++ b/src/main/java/com/Ecommerce/EcommerceApp/Interfaces/ProductService.java
-------@@ -1,7 +1,7 @@
------- package com.Ecommerce.EcommerceApp.Interfaces;
------- 
------- import java.io.IOException;
--------import java.util.List;
-------+
------- 
------- import org.springframework.web.multipart.MultipartFile;
------- 
-------diff --git a/src/main/java/com/Ecommerce/EcommerceApp/Mappers/CategoryMapper.java b/src/main/java/com/Ecommerce/EcommerceApp/Mappers/CategoryMapper.java
-------index bc5d82a..788e82d 100644
---------- a/src/main/java/com/Ecommerce/EcommerceApp/Mappers/CategoryMapper.java
-------+++ b/src/main/java/com/Ecommerce/EcommerceApp/Mappers/CategoryMapper.java
-------@@ -20,8 +20,8 @@ public interface CategoryMapper {
------- 
-------     @Mapping(target = "createdAt", ignore = true)
-------     @Mapping(target = "updatedAt", ignore = true)
-------+    @Mapping(target = "products", ignore = true)
-------     void updateCategoryFromDto(
--------        CategoryDto categoryDto,
--------        @MappingTarget Category category
--------    );
-------+            CategoryDto categoryDto,
-------+            @MappingTarget Category category);
------- }
-------diff --git a/src/main/java/com/Ecommerce/EcommerceApp/Mappers/ProductMapper.java b/src/main/java/com/Ecommerce/EcommerceApp/Mappers/ProductMapper.java
-------index e9ff498..002353a 100644
---------- a/src/main/java/com/Ecommerce/EcommerceApp/Mappers/ProductMapper.java
-------+++ b/src/main/java/com/Ecommerce/EcommerceApp/Mappers/ProductMapper.java
-------@@ -25,7 +25,7 @@ public interface ProductMapper {
-------     @Mapping(target = "createdAt", ignore = true)
-------     @Mapping(target = "updatedAt", ignore = true)
-------     @Mapping(target = "category", ignore = true)
--------    @Mapping(target="id",ignore = true)
-------+    @Mapping(target = "id", ignore = true)
------- 
-------     void updateProductFromDto(ProductDto productDto, @MappingTarget Product product);
------- 
-------diff --git a/src/main/java/com/Ecommerce/EcommerceApp/Models/Product.java b/src/main/java/com/Ecommerce/EcommerceApp/Models/Product.java
-------index 580ed47..84369a5 100644
---------- a/src/main/java/com/Ecommerce/EcommerceApp/Models/Product.java
-------+++ b/src/main/java/com/Ecommerce/EcommerceApp/Models/Product.java
-------@@ -2,7 +2,6 @@ package com.Ecommerce.EcommerceApp.Models;
------- 
------- import java.time.LocalDateTime;
------- 
--------
------- import org.hibernate.annotations.CreationTimestamp;
------- import org.hibernate.annotations.UpdateTimestamp;
------- 
-------@@ -18,12 +17,14 @@ import jakarta.validation.constraints.Size;
------- import lombok.AllArgsConstructor;
------- import lombok.Data;
------- import lombok.NoArgsConstructor;
-------+import lombok.ToString;
------- 
------- @Entity
------- @Table(name = "products")
------- @Data
------- @AllArgsConstructor
------- @NoArgsConstructor
-------+@ToString
------- public class Product {
-------     @Id
-------     @GeneratedValue(strategy = GenerationType.AUTO)
-------@@ -33,23 +34,26 @@ public class Product {
-------     @Size(min = 3, message = "Product Name must contain atleast 3 character")
-------     private String name;
-------     @NotBlank
--------    @Size(min=6, message = "Product description must contain atleast 6  characters")
-------+    @Size(min = 6, message = "Product description must contain atleast 6  characters")
-------     private String description;
-------     private Integer quantity;
-------     private Double price;
-------     private Double specialPrice;
--------    private String imageUrl; 
--------    private Double discount; 
-------+    private String imageUrl;
-------+    private Double discount;
------- 
-------     @ManyToOne
-------     @JoinColumn(name = "category_id")
-------     private Category category;
--------    
--------    
-------+
-------     @CreationTimestamp
-------     private LocalDateTime createdAt;
------- 
-------     @UpdateTimestamp
-------     private LocalDateTime updatedAt;
------- 
-------+    @ManyToOne()
-------+    @JoinColumn(name = "seller_id")
-------+    private User user;
-------+
------- }
-------diff --git a/src/main/java/com/Ecommerce/EcommerceApp/Repositories/ProductRepository.java b/src/main/java/com/Ecommerce/EcommerceApp/Repositories/ProductRepository.java
-------index 42b04b5..3db7fbf 100644
---------- a/src/main/java/com/Ecommerce/EcommerceApp/Repositories/ProductRepository.java
-------+++ b/src/main/java/com/Ecommerce/EcommerceApp/Repositories/ProductRepository.java
-------@@ -1,7 +1,5 @@
------- package com.Ecommerce.EcommerceApp.Repositories;
------- 
--------import java.util.List;
--------
------- import org.springframework.data.domain.Page;
------- import org.springframework.data.domain.Pageable;
------- import org.springframework.data.jpa.repository.JpaRepository;
-------@@ -11,8 +9,9 @@ import com.Ecommerce.EcommerceApp.Models.Category;
------- import com.Ecommerce.EcommerceApp.Models.Product;
------- 
------- @Repository
--------public interface ProductRepository extends JpaRepository<Product, Long>  {
-------+public interface ProductRepository extends JpaRepository<Product, Long> {
-------     Page<Product> findByCategoryOrderByPriceAsc(Category category, Pageable pageDetails);
--------    Page<Product> findByNameLikeIgnoreCase(String keyword, Pageable pageDetails);  
--------    
-------+
-------+    Page<Product> findByNameLikeIgnoreCase(String keyword, Pageable pageDetails);
-------+
------- }
------diff --git a/src/main/java/com/Ecommerce/EcommerceApp/Security/Jwt/AuthTokenFilter.java b/src/main/java/com/Ecommerce/EcommerceApp/Security/Jwt/AuthTokenFilter.java
------index 64210ed..cbb22e1 100644
--------- a/src/main/java/com/Ecommerce/EcommerceApp/Security/Jwt/AuthTokenFilter.java
------+++ b/src/main/java/com/Ecommerce/EcommerceApp/Security/Jwt/AuthTokenFilter.java
------@@ -2,6 +2,7 @@ package com.Ecommerce.EcommerceApp.Security.Jwt;
------ 
------ import java.io.IOException;
------ 
------+import org.springframework.beans.factory.annotation.Autowired;
------ import org.springframework.security.authentication.UsernamePasswordAuthenticationToken;
------ import org.springframework.security.core.context.SecurityContextHolder;
------ import org.springframework.security.core.userdetails.UserDetails;
------@@ -21,14 +22,13 @@ import lombok.extern.slf4j.Slf4j;
------ @Slf4j
------ public class AuthTokenFilter extends OncePerRequestFilter {
------ 
-------    private final JwtUtils jwtUtils;
------+    @Autowired
------+    private  JwtUtils jwtUtils;
------ 
------+    @Autowired
------     private UserDetailsService userDetailsService;
------ 
-------    public AuthTokenFilter(JwtUtils jwtUtils, UserDetailsService userDetailsService) {
-------        this.jwtUtils = jwtUtils;
-------        this.userDetailsService = userDetailsService;
-------    }
------+   
------ 
------     @Override
------     protected void doFilterInternal(HttpServletRequest request, HttpServletResponse response, FilterChain filterChain)
------diff --git a/src/main/java/com/Ecommerce/EcommerceApp/Security/config/SecurityConfig.java b/src/main/java/com/Ecommerce/EcommerceApp/Security/config/SecurityConfig.java
------index d9c4dfc..46fe6ab 100644
--------- a/src/main/java/com/Ecommerce/EcommerceApp/Security/config/SecurityConfig.java
------+++ b/src/main/java/com/Ecommerce/EcommerceApp/Security/config/SecurityConfig.java
------@@ -1,27 +1,104 @@
-------// package com.Ecommerce.EcommerceApp.Security.config;
------+package com.Ecommerce.EcommerceApp.Security.config;
------ 
-------// import javax.sql.DataSource;
------+import javax.sql.DataSource;
------ 
-------// import org.springframework.beans.factory.annotation.Autowired;
-------// import org.springframework.context.annotation.Bean;
-------// import org.springframework.context.annotation.Configuration;
-------// import org.springframework.security.config.annotation.method.configuration.EnableMethodSecurity;
-------// import org.springframework.security.config.annotation.web.configuration.EnableWebSecurity;
------+import org.springframework.beans.factory.annotation.Autowired;
------+import org.springframework.boot.CommandLineRunner;
------+import org.springframework.context.annotation.Bean;
------+import org.springframework.context.annotation.Configuration;
------+import org.springframework.security.authentication.AuthenticationManager;
------+import org.springframework.security.config.annotation.authentication.configuration.AuthenticationConfiguration;
------+import org.springframework.security.config.annotation.method.configuration.EnableMethodSecurity;
------+import org.springframework.security.config.annotation.web.builders.HttpSecurity;
------+import org.springframework.security.config.annotation.web.configuration.EnableWebSecurity;
------+import org.springframework.security.config.http.SessionCreationPolicy;
------+import org.springframework.security.core.userdetails.UserDetails;
------+import org.springframework.security.core.userdetails.UserDetailsService;
------+import org.springframework.security.crypto.bcrypt.BCryptPasswordEncoder;
------+import org.springframework.security.crypto.password.PasswordEncoder;
------+import org.springframework.security.crypto.password4j.BcryptPassword4jPasswordEncoder;
------+import org.springframework.security.provisioning.JdbcUserDetailsManager;
------+import org.springframework.security.web.SecurityFilterChain;
------+import org.springframework.security.web.authentication.UsernamePasswordAuthenticationFilter;
------ 
-------// @Configuration
-------// @EnableWebSecurity
-------// @EnableMethodSecurity
-------// public class SecurityConfig {
------+import com.Ecommerce.EcommerceApp.Models.User;
------+import com.Ecommerce.EcommerceApp.Security.Jwt.AuthEntryPointJwt;
------+import com.Ecommerce.EcommerceApp.Security.Jwt.AuthTokenFilter;
------ 
-------//     @Autowired
-------//     private  DataSource datasource; 
------+import jakarta.servlet.http.HttpServlet;
------ 
-------//     @Autowired
-------//     private AuthEntryPointJwt unauthorizedHandler; 
------+@Configuration
------+@EnableWebSecurity
------+@EnableMethodSecurity
------+public class SecurityConfig {
------ 
-------//     @Bean
-------//     public AuthTokenFilter
------+    @Autowired
------+    private DataSource datasource;
------ 
-------    
-------    
-------// }
------+    @Autowired
------+    private AuthEntryPointJwt unauthorizedHandler;
------+
------+    @Bean
------+    public AuthTokenFilter authenticationJwtTokenFilter() {
------+        return new AuthTokenFilter();
------+    }
------+
------+    @Bean
------+    public SecurityFilterChain defaultSecurityFilterChain(HttpSecurity http) throws Exception {
------+        return http
------+                .authorizeHttpRequests(authorizeRequests -> authorizeRequests.requestMatchers("/auth/**")
------+                        .permitAll()
------+                        .anyRequest().authenticated())
------+                .sessionManagement(session -> session
------+                        .sessionCreationPolicy(SessionCreationPolicy.STATELESS))
------+
------+                .exceptionHandling(exception -> exception
------+                        .authenticationEntryPoint(unauthorizedHandler))
------+                .headers(headers -> headers
------+                        .frameOptions(frameOptions -> frameOptions
------+                                .sameOrigin()))
------+
------+                .csrf(csrf -> csrf.disable())
------+                .addFilterBefore(authenticationJwtTokenFilter(), UsernamePasswordAuthenticationFilter.class)
------+                .build();
------+
------+    }
------+
------+    @Bean
------+    public UserDetailsService userDetailsService(DataSource dataSource) {
------+        return new JdbcUserDetailsManager(dataSource); 
------+    }
------+
------+    //  @Bean
------+    // public CommandLineRunner initData(UserDetailsService userDetailsService) {
------+    //     return args -> {
------+    //         JdbcUserDetailsManager manager = (JdbcUserDetailsManager) userDetailsService;
------+    //         UserDetails user1 = User.withUsername("user1")
------+    //                 .password(passwordEncoder().encode("password1"))
------+    //                 .roles("USER")
------+    //             UserDetails admin = User.withUsername("admin")
------+    //                 //.password(passwordEncoder().encode("adminPass"))
------+    //                 .password(passwordEncoder().encode("adminPass"))
------+    //                 .roles("ADMIN")
------+    //                 .build();
------+
------+    //         JdbcUserDetailsManager userDetailsManager = new JdbcUserDetailsManager(dataSource);
------+    //         userDetailsManager.createUser(user1);
------+    //         u       .build();
------+    //      serDetailsManager.createUser(admin);
------+    //     };
------+    // }
------+
------+    @Bean
------+    public PasswordEncoder passwordEncoder() {
------+        return new BCryptPasswordEncoder(); 
------+    }
------+
------+    @Bean
------+    public AuthenticationManager authenticationManager(AuthenticationConfiguration builder) {
------+        return builder.getAuthenticationManager(); 
------+    }
------+
------+
------+
------+}
-----diff --git a/src/main/java/com/Ecommerce/EcommerceApp/Models/User.java b/src/main/java/com/Ecommerce/EcommerceApp/Models/User.java
-----index a9d586f..5fe32ae 100644
-------- a/src/main/java/com/Ecommerce/EcommerceApp/Models/User.java
-----+++ b/src/main/java/com/Ecommerce/EcommerceApp/Models/User.java
-----@@ -43,7 +43,7 @@ public class User {
-----     @NotBlank
-----     @Size(max = 20)
-----     @Column(name = "username")
------    private String userName;
-----+    private String username;
----- 
-----     @NotBlank
-----     @Size(max = 50)
-----diff --git a/src/main/java/com/Ecommerce/EcommerceApp/Security/config/SecurityConfig.java b/src/main/java/com/Ecommerce/EcommerceApp/Security/config/SecurityConfig.java
-----index 46fe6ab..6b3c5b2 100644
-------- a/src/main/java/com/Ecommerce/EcommerceApp/Security/config/SecurityConfig.java
-----+++ b/src/main/java/com/Ecommerce/EcommerceApp/Security/config/SecurityConfig.java
-----@@ -1,39 +1,31 @@
----- package com.Ecommerce.EcommerceApp.Security.config;
----- 
------import javax.sql.DataSource;
------
----- import org.springframework.beans.factory.annotation.Autowired;
------import org.springframework.boot.CommandLineRunner;
----- import org.springframework.context.annotation.Bean;
----- import org.springframework.context.annotation.Configuration;
----- import org.springframework.security.authentication.AuthenticationManager;
-----+import org.springframework.security.authentication.dao.DaoAuthenticationProvider;
----- import org.springframework.security.config.annotation.authentication.configuration.AuthenticationConfiguration;
------import org.springframework.security.config.annotation.method.configuration.EnableMethodSecurity;
----- import org.springframework.security.config.annotation.web.builders.HttpSecurity;
----- import org.springframework.security.config.annotation.web.configuration.EnableWebSecurity;
-----+import org.springframework.security.config.annotation.web.configuration.WebSecurityCustomizer;
----- import org.springframework.security.config.http.SessionCreationPolicy;
------import org.springframework.security.core.userdetails.UserDetails;
------import org.springframework.security.core.userdetails.UserDetailsService;
----- import org.springframework.security.crypto.bcrypt.BCryptPasswordEncoder;
----- import org.springframework.security.crypto.password.PasswordEncoder;
------import org.springframework.security.crypto.password4j.BcryptPassword4jPasswordEncoder;
------import org.springframework.security.provisioning.JdbcUserDetailsManager;
----- import org.springframework.security.web.SecurityFilterChain;
----- import org.springframework.security.web.authentication.UsernamePasswordAuthenticationFilter;
----- 
------import com.Ecommerce.EcommerceApp.Models.User;
----- import com.Ecommerce.EcommerceApp.Security.Jwt.AuthEntryPointJwt;
----- import com.Ecommerce.EcommerceApp.Security.Jwt.AuthTokenFilter;
------
------import jakarta.servlet.http.HttpServlet;
-----+import com.Ecommerce.EcommerceApp.Security.services.UserDetailsServiceImpl;
----- 
----- @Configuration
----- @EnableWebSecurity
------@EnableMethodSecurity
-----+// @EnableMethodSecurity
----- public class SecurityConfig {
----- 
-----     @Autowired
------    private DataSource datasource;
-----+    UserDetailsServiceImpl userDetailsService;
----- 
-----     @Autowired
-----     private AuthEntryPointJwt unauthorizedHandler;
-----@@ -43,10 +35,29 @@ public class SecurityConfig {
-----         return new AuthTokenFilter();
-----     }
----- 
-----+    @Bean
-----+    public DaoAuthenticationProvider authenticationProvider() {
-----+        DaoAuthenticationProvider authenticationProvider = new DaoAuthenticationProvider(userDetailsService);
-----+
-----+        authenticationProvider.setPasswordEncoder(passwordEncoder());
-----+
-----+        return authenticationProvider;
-----+
-----+    }
-----+
-----     @Bean
-----     public SecurityFilterChain defaultSecurityFilterChain(HttpSecurity http) throws Exception {
------        return http
------                .authorizeHttpRequests(authorizeRequests -> authorizeRequests.requestMatchers("/auth/**")
-----+        http
-----+                .authorizeHttpRequests(authorizeRequests -> authorizeRequests
-----+                        .requestMatchers("/api/auth/**")
-----+                        .permitAll()
-----+                        .requestMatchers("/v3/api-docs/**")
-----+                        .permitAll()
-----+                        .requestMatchers("/api/public/**")
-----+                        .permitAll()
-----+                        .requestMatchers("/api/admin/**")
-----+                        .permitAll()
-----+                        .requestMatchers("/images/**")
-----                         .permitAll()
-----                         .anyRequest().authenticated())
-----                 .sessionManagement(session -> session
-----@@ -54,51 +65,63 @@ public class SecurityConfig {
----- 
-----                 .exceptionHandling(exception -> exception
-----                         .authenticationEntryPoint(unauthorizedHandler))
------                .headers(headers -> headers
------                        .frameOptions(frameOptions -> frameOptions
------                                .sameOrigin()))
-----+                // .headers(headers -> headers
-----+                // .frameOptions(frameOptions -> frameOptions
-----+                // .sameOrigin()))
----- 
-----                 .csrf(csrf -> csrf.disable())
------                .addFilterBefore(authenticationJwtTokenFilter(), UsernamePasswordAuthenticationFilter.class)
------                .build();
-----+                .addFilterBefore(authenticationJwtTokenFilter(), UsernamePasswordAuthenticationFilter.class);
----- 
------    }
-----+        http.authenticationProvider(authenticationProvider());
-----+
-----+        return http.build();
----- 
------    @Bean
------    public UserDetailsService userDetailsService(DataSource dataSource) {
------        return new JdbcUserDetailsManager(dataSource); 
-----     }
----- 
------    //  @Bean
-----+    // @Bean
-----+    // public UserDetailsService userDetailsService(DataSource dataSource) {
-----+    // return new JdbcUserDetailsManager(dataSource);
-----+    // }
-----+
-----+    // @Bean
-----     // public CommandLineRunner initData(UserDetailsService userDetailsService) {
------    //     return args -> {
------    //         JdbcUserDetailsManager manager = (JdbcUserDetailsManager) userDetailsService;
------    //         UserDetails user1 = User.withUsername("user1")
------    //                 .password(passwordEncoder().encode("password1"))
------    //                 .roles("USER")
------    //             UserDetails admin = User.withUsername("admin")
------    //                 //.password(passwordEncoder().encode("adminPass"))
------    //                 .password(passwordEncoder().encode("adminPass"))
------    //                 .roles("ADMIN")
------    //                 .build();
------
------    //         JdbcUserDetailsManager userDetailsManager = new JdbcUserDetailsManager(dataSource);
------    //         userDetailsManager.createUser(user1);
------    //         u       .build();
------    //      serDetailsManager.createUser(admin);
------    //     };
-----+    // return args -> {
-----+    // JdbcUserDetailsManager manager = (JdbcUserDetailsManager) userDetailsService;
-----+    // UserDetails user1 = User.withUsername("user1")
-----+    // .password(passwordEncoder().encode("password1"))
-----+    // .roles("USER")
-----+    // UserDetails admin = User.withUsername("admin")
-----+    // //.password(passwordEncoder().encode("adminPass"))
-----+    // .password(passwordEncoder().encode("adminPass"))
-----+    // .roles("ADMIN")
-----+    // .build();
-----+
-----+    // JdbcUserDetailsManager userDetailsManager = new
-----+    // JdbcUserDetailsManager(dataSource);
-----+    // userDetailsManager.createUser(user1);
-----+    // u .build();
-----+    // serDetailsManager.createUser(admin);
-----+    // };
-----     // }
----- 
-----     @Bean
-----     public PasswordEncoder passwordEncoder() {
------        return new BCryptPasswordEncoder(); 
-----+        return new BCryptPasswordEncoder();
-----     }
----- 
-----     @Bean
-----     public AuthenticationManager authenticationManager(AuthenticationConfiguration builder) {
------        return builder.getAuthenticationManager(); 
-----+        return builder.getAuthenticationManager();
-----     }
----- 
------
-----+    public WebSecurityCustomizer webSecurityCustomizer() {
-----+        return (web -> web.ignoring().requestMatchers(
-----+                "/v2/api-docs",
-----+                "/configuration/ui",
-----+                "/swagger-resources/**",
-----+                "/configuration/security",
-----+                "/swagger-ui.html",
-----+                "/webjars/**"));
-----+    }
----- 
----- }
-----diff --git a/src/main/java/com/Ecommerce/EcommerceApp/Security/services/UserDetailsImpl.java b/src/main/java/com/Ecommerce/EcommerceApp/Security/services/UserDetailsImpl.java
-----index 5328b04..201620b 100644
-------- a/src/main/java/com/Ecommerce/EcommerceApp/Security/services/UserDetailsImpl.java
-----+++ b/src/main/java/com/Ecommerce/EcommerceApp/Security/services/UserDetailsImpl.java
-----@@ -2,6 +2,7 @@ package com.Ecommerce.EcommerceApp.Security.services;
----- 
----- import java.util.Collection;
----- import java.util.List;
-----+import java.util.Objects;
----- import java.util.stream.Collectors;
----- 
----- import org.jspecify.annotations.Nullable;
-----@@ -9,65 +10,96 @@ import org.springframework.security.core.GrantedAuthority;
----- import org.springframework.security.core.authority.SimpleGrantedAuthority;
----- import org.springframework.security.core.userdetails.UserDetails;
----- 
------
----- import com.Ecommerce.EcommerceApp.Models.User;
----- import com.fasterxml.jackson.annotation.JsonIgnore;
----- 
----- import lombok.Data;
----- import lombok.NoArgsConstructor;
----- 
------@NoArgsConstructor
----- @Data
-----+@NoArgsConstructor
----- public class UserDetailsImpl implements UserDetails {
----- 
------    private static final long serialVersionUID = 1L; 
-----+    private static final long serialVersionUID = 1L;
----- 
------    private Long id;  
-----+    private Long id;
-----     private String username;
------    private String email; 
-----+    private String email;
----- 
-----     @JsonIgnore
------    private String password; 
------    private Collection<? extends GrantedAuthority> authorities; 
------
------    public UserDetailsImpl(Long id, String username, String email, String password, Collection<? extends GrantedAuthority> authorities) {
------        this.id = id; 
------        this.username = username; 
------        this.password = password; 
-----+    private String password;
-----+    private Collection<? extends GrantedAuthority> authorities;
-----+
-----+    public UserDetailsImpl(Long id, String username, String email, String password,
-----+            Collection<? extends GrantedAuthority> authorities) {
-----+        this.id = id;
-----+        this.username = username;
-----+        this.password = password;
-----         this.email = email;
------        this.authorities = authorities;  
-----+        this.authorities = authorities;
----- 
-----     }
----- 
-----     public static UserDetailsImpl build(User user) {
------        List<GrantedAuthority> authorities = user.getRoles().stream().map(role -> new SimpleGrantedAuthority(role.getRoleName().name())).collect(Collectors.toList()); 
-----+        List<GrantedAuthority> authorities = user.getRoles().stream()
-----+                .map(role -> new SimpleGrantedAuthority(role.getRoleName().name())).collect(Collectors.toList());
-----         return new UserDetailsImpl(
------            user.getUserId(),
------            user.getUserName(),
------            user.getPassword(),
------            user.getEmail(),
------            authorities
------        ); 
-----+                user.getUserId(),
-----+                user.getUsername(),
-----+                user.getPassword(),
-----+                user.getEmail(),
-----+                authorities);
-----     }
----- 
------
-----     @Override
-----     public Collection<? extends GrantedAuthority> getAuthorities() {
------        return authorities; 
------       
-----+        return authorities;
-----+
-----     }
----- 
-----     @Override
-----     public @Nullable String getPassword() {
------        return password; 
------       
-----+        return password;
-----+
-----     }
----- 
-----     @Override
-----     public String getUsername() {
------        return username; 
------      
-----+        return username;
-----+
-----     }
------    
------    
-----+
-----+    @Override
-----+    public boolean isAccountNonLocked() {
-----+        return true;
-----+
-----+    }
-----+
-----+    @Override
-----+    public boolean isCredentialsNonExpired() {
-----+        return true;
-----+    }
-----+
-----+    @Override
-----+    public boolean isEnabled() {
-----+        return true;
-----+    }
-----+
-----+    @Override
-----+    public boolean equals(Object o) {
-----+        if (this == o)
-----+            return true;
-----+        if (o == null || getClass() != o.getClass())
-----+            return false;
-----+
-----+        UserDetailsImpl user = (UserDetailsImpl) o;
-----+
-----+        return Objects.equals(id, user.id);
-----+    }
-----+
-----+    @Override
-----+    public int hashCode() {
-----+        return Objects.hash(id);
-----+    }
-----+
----- }
----diff --git a/pom.xml b/pom.xml
----index 408cf3f..e9b1954 100644
------- a/pom.xml
----+++ b/pom.xml
----@@ -127,6 +127,11 @@
---- 
---- 	<build>
---- 		<plugins>
----+			<plugin>
----+				<groupId>io.spring.javaformat</groupId>
----+				<artifactId>spring-javaformat-maven-plugin</artifactId>
----+				<version>0.0.47</version>
----+			</plugin>
---- 			<plugin>
---- 				<groupId>org.springframework.boot</groupId>
---- 				<artifactId>spring-boot-maven-plugin</artifactId>
----diff --git a/src/main/java/com/Ecommerce/EcommerceApp/Controllers/CategoryController.java b/src/main/java/com/Ecommerce/EcommerceApp/Controllers/CategoryController.java
----index 6b339ef..a4915b0 100644
------- a/src/main/java/com/Ecommerce/EcommerceApp/Controllers/CategoryController.java
----+++ b/src/main/java/com/Ecommerce/EcommerceApp/Controllers/CategoryController.java
----@@ -1,7 +1,5 @@
---- package com.Ecommerce.EcommerceApp.Controllers;
---- 
-----
-----
---- import org.springframework.http.HttpStatus;
---- import org.springframework.http.ResponseEntity;
---- import org.springframework.web.bind.annotation.DeleteMapping;
----@@ -22,51 +20,55 @@ import com.Ecommerce.EcommerceApp.Lib.AppConstants;
---- import jakarta.validation.Valid;
---- 
---- @RestController
-----@RequestMapping("/api")
----+@RequestMapping("/api/v1")
---- public class CategoryController {
---- 
-----    private final ICategoryService categoryService;
----+	private final ICategoryService categoryService;
---- 
-----    public CategoryController(ICategoryService categoryService) {
-----        this.categoryService = categoryService;
-----    }
----+	public CategoryController(ICategoryService categoryService) {
----+		this.categoryService = categoryService;
----+	}
---- 
-----    @GetMapping("/public/categories")
-----    public ResponseEntity<CategoryResponseDto> getAllCategories(
-----            @RequestParam(name = "pageNumber", defaultValue = AppConstants.PAGE_NUMBER, required = false) Integer pageNumber,
-----            @RequestParam(name = "pageSize", defaultValue = AppConstants.PAGE_SIZE, required=false) Integer pageSize,
-----            @RequestParam(name="sortBy", defaultValue = AppConstants.SORT_CATEGORIES_BY, required = false) String sortBy,
-----            @RequestParam(name="sortOrder", defaultValue = AppConstants.SORT_CATEGORIES_DIR, required = false) String sortOrder
----+	@GetMapping("/public/categories")
----+	public ResponseEntity<CategoryResponseDto> getAllCategories(
----+			@RequestParam(name = "pageNumber", defaultValue = AppConstants.PAGE_NUMBER,
----+					required = false) Integer pageNumber,
----+			@RequestParam(name = "pageSize", defaultValue = AppConstants.PAGE_SIZE, required = false) Integer pageSize,
----+			@RequestParam(name = "sortBy", defaultValue = AppConstants.SORT_CATEGORIES_BY,
----+					required = false) String sortBy,
----+			@RequestParam(name = "sortOrder", defaultValue = AppConstants.SORT_CATEGORIES_DIR,
----+					required = false) String sortOrder
---- 
-----    ) {
-----        CategoryResponseDto categoryResponseDto = categoryService.getAllCategories(pageNumber, pageSize, sortBy, sortOrder);
----+	) {
----+		CategoryResponseDto categoryResponseDto = categoryService.getAllCategories(pageNumber, pageSize, sortBy,
----+				sortOrder);
---- 
-----        return new ResponseEntity<>(categoryResponseDto, HttpStatus.OK);
-----    }
----+		return new ResponseEntity<>(categoryResponseDto, HttpStatus.OK);
----+	}
---- 
-----    @PostMapping("/public/categories")
-----    public ResponseEntity<CategoryDto> createCategory(@Valid @RequestBody CategoryDto categoryDto) {
-----        CategoryDto createdCategoryDto = categoryService.createCategory(categoryDto);
-----        return new ResponseEntity<>(createdCategoryDto, HttpStatus.CREATED);
----+	@PostMapping("/public/categories")
----+	public ResponseEntity<CategoryDto> createCategory(@Valid @RequestBody CategoryDto categoryDto) {
----+		CategoryDto createdCategoryDto = categoryService.createCategory(categoryDto);
----+		return new ResponseEntity<>(createdCategoryDto, HttpStatus.CREATED);
---- 
-----    }
----+	}
---- 
-----    @DeleteMapping("/admin/categories/{categoryId}")
-----    public ResponseEntity<CategoryDto> DeleteCategory(@PathVariable Long categoryId) {
----+	@DeleteMapping("/admin/categories/{categoryId}")
----+	public ResponseEntity<CategoryDto> DeleteCategory(@PathVariable Long categoryId) {
---- 
-----        CategoryDto categoryDto = categoryService.deleteCategory(categoryId);
-----        return new ResponseEntity<>(categoryDto, HttpStatus.OK);
----+		CategoryDto categoryDto = categoryService.deleteCategory(categoryId);
----+		return new ResponseEntity<>(categoryDto, HttpStatus.OK);
---- 
-----    }
----+	}
---- 
-----    @PutMapping("/public/categories/{categoryId}")
-----    public ResponseEntity<CategoryDto> updateCategory(@Valid @PathVariable Long categoryId,
-----            @RequestBody CategoryDto updatedCategory) {
----+	@PutMapping("/public/categories/{categoryId}")
----+	public ResponseEntity<CategoryDto> updateCategory(@Valid @PathVariable Long categoryId,
----+			@RequestBody CategoryDto updatedCategory) {
---- 
-----        CategoryDto categoryDto = categoryService.updateCategory(categoryId, updatedCategory);
----+		CategoryDto categoryDto = categoryService.updateCategory(categoryId, updatedCategory);
---- 
-----        return new ResponseEntity<>(categoryDto, HttpStatus.OK);
----+		return new ResponseEntity<>(categoryDto, HttpStatus.OK);
---- 
-----    }
----+	}
---- 
---- }
----diff --git a/src/main/java/com/Ecommerce/EcommerceApp/Controllers/ProductController.java b/src/main/java/com/Ecommerce/EcommerceApp/Controllers/ProductController.java
----index 23703df..669f9ac 100644
------- a/src/main/java/com/Ecommerce/EcommerceApp/Controllers/ProductController.java
----+++ b/src/main/java/com/Ecommerce/EcommerceApp/Controllers/ProductController.java
----@@ -2,7 +2,6 @@ package com.Ecommerce.EcommerceApp.Controllers;
---- 
---- import java.io.IOException;
---- 
-----
---- import org.springframework.http.HttpStatus;
---- import org.springframework.http.ResponseEntity;
---- import org.springframework.web.bind.annotation.DeleteMapping;
----@@ -24,96 +23,111 @@ import com.Ecommerce.EcommerceApp.Lib.AppConstants;
---- import jakarta.validation.Valid;
---- import lombok.RequiredArgsConstructor;
---- 
----+/**
----+ * Rest Controller for managing Product
----+ *
----+ * Providers endpoints for - Public product browsing and search - Admin Product creation,
----+ * update, and deletion
----+ *
----+ * All business logic is delegation to {@link ProductService}
----+ */
---- @RestController
---- @RequestMapping("/api/v1/products")
---- @RequiredArgsConstructor
---- public class ProductController {
-----    private final ProductService productService;
-----    // private final ProducttMapper producttMapper;
---- 
-----    @GetMapping("/public")
-----    public ResponseEntity<ProductResponseDto> getProducts(
-----            @RequestParam(name = "pageNumber", defaultValue = AppConstants.PAGE_NUMBER, required = false) Integer pageNumber,
-----            @RequestParam(name = "pageSize", defaultValue = AppConstants.PAGE_SIZE, required = false) Integer pageSize,
-----            @RequestParam(name = "sortBy", defaultValue = AppConstants.SORT_PRODUCT_BY, required = false) String sortBy,
-----            @RequestParam(name = "sortOrder", defaultValue = AppConstants.SORT_PRODUCTS_DIR, required = false) String sortOrder) {
-----        ProductResponseDto productDtoList = productService.getAllProducts(pageNumber, pageSize, sortBy, sortOrder);
----+	private final ProductService productService;
----+
----+	// private final ProducttMapper producttMapper;
----+
----+	@GetMapping("/public")
----+	public ResponseEntity<ProductResponseDto> getProducts(
----+			@RequestParam(name = "pageNumber", defaultValue = AppConstants.PAGE_NUMBER,
----+					required = false) Integer pageNumber,
----+			@RequestParam(name = "pageSize", defaultValue = AppConstants.PAGE_SIZE, required = false) Integer pageSize,
----+			@RequestParam(name = "sortBy", defaultValue = AppConstants.SORT_PRODUCT_BY, required = false) String sortBy,
----+			@RequestParam(name = "sortOrder", defaultValue = AppConstants.SORT_PRODUCTS_DIR,
----+					required = false) String sortOrder) {
----+		ProductResponseDto productDtoList = productService.getAllProducts(pageNumber, pageSize, sortBy, sortOrder);
---- 
-----        return new ResponseEntity<>(productDtoList, HttpStatus.OK);
----+		return new ResponseEntity<>(productDtoList, HttpStatus.OK);
---- 
-----    }
----+	}
---- 
-----    @GetMapping("/{id}")
-----    public ResponseEntity<ProductDto> getProducts(@PathVariable Long id) {
-----        ProductDto productDto = productService.getProduct(id);
----+	@GetMapping("/public/{id}")
----+	public ResponseEntity<ProductDto> getProducts(@PathVariable Long id) {
----+		ProductDto productDto = productService.getProduct(id);
---- 
-----        return new ResponseEntity<>(productDto, HttpStatus.OK);
----+		return new ResponseEntity<>(productDto, HttpStatus.OK);
---- 
-----    }
----+	}
---- 
-----    @GetMapping("/public/categories/{categoryId}")
-----    public ResponseEntity<ProductResponseDto> getProductsByCategory(@PathVariable Long categoryId,
-----            @RequestParam(name = "pageNumber", defaultValue = AppConstants.PAGE_NUMBER, required = false) Integer pageNumber,
-----            @RequestParam(name = "pageSize", defaultValue = AppConstants.PAGE_SIZE, required = false) Integer pageSize,
-----            @RequestParam(name = "sortBy", defaultValue = AppConstants.SORT_PRODUCT_BY, required = false) String sortBy,
-----            @RequestParam(name = "sortOrder", defaultValue = AppConstants.SORT_PRODUCTS_DIR, required = false) String sortOrder
----+	@GetMapping("/public/categories/{categoryId}")
----+	public ResponseEntity<ProductResponseDto> getProductsByCategory(@PathVariable Long categoryId,
----+			@RequestParam(name = "pageNumber", defaultValue = AppConstants.PAGE_NUMBER,
----+					required = false) Integer pageNumber,
----+			@RequestParam(name = "pageSize", defaultValue = AppConstants.PAGE_SIZE, required = false) Integer pageSize,
----+			@RequestParam(name = "sortBy", defaultValue = AppConstants.SORT_PRODUCT_BY, required = false) String sortBy,
----+			@RequestParam(name = "sortOrder", defaultValue = AppConstants.SORT_PRODUCTS_DIR,
----+					required = false) String sortOrder
---- 
-----    ) {
-----        ProductResponseDto productResponse = productService.getProductsByCategory(categoryId, pageNumber, pageSize,
-----                sortBy,
-----                sortOrder);
----+	) {
----+		ProductResponseDto productResponse = productService.getProductsByCategory(categoryId, pageNumber, pageSize,
----+				sortBy, sortOrder);
---- 
-----        return new ResponseEntity<>(productResponse, HttpStatus.OK);
----+		return new ResponseEntity<>(productResponse, HttpStatus.OK);
---- 
-----    }
----+	}
---- 
-----    @GetMapping("/public/search")
-----    public ResponseEntity<ProductResponseDto> getProductsByKeyword(@RequestParam String keyword,
-----            @RequestParam(name = "pageNumber", defaultValue = AppConstants.PAGE_NUMBER, required = false) Integer pageNumber,
-----            @RequestParam(name = "pageSize", defaultValue = AppConstants.PAGE_SIZE, required = false) Integer pageSize,
-----            @RequestParam(name = "sortBy", defaultValue = AppConstants.SORT_PRODUCT_BY, required = false) String sortBy,
-----            @RequestParam(name = "sortOrder", defaultValue = AppConstants.SORT_PRODUCTS_DIR, required = false) String sortOrder
----+	@GetMapping("/public/search")
----+	public ResponseEntity<ProductResponseDto> getProductsByKeyword(@RequestParam String keyword,
----+			@RequestParam(name = "pageNumber", defaultValue = AppConstants.PAGE_NUMBER,
----+					required = false) Integer pageNumber,
----+			@RequestParam(name = "pageSize", defaultValue = AppConstants.PAGE_SIZE, required = false) Integer pageSize,
----+			@RequestParam(name = "sortBy", defaultValue = AppConstants.SORT_PRODUCT_BY, required = false) String sortBy,
----+			@RequestParam(name = "sortOrder", defaultValue = AppConstants.SORT_PRODUCTS_DIR,
----+					required = false) String sortOrder
---- 
-----    ) {
-----        ProductResponseDto productResponse = productService.getProductsByKeyword(keyword, pageNumber, pageSize, sortBy,
-----                sortOrder);
----+	) {
----+		ProductResponseDto productResponse = productService.getProductsByKeyword(keyword, pageNumber, pageSize, sortBy,
----+				sortOrder);
---- 
-----        return new ResponseEntity<>(productResponse, HttpStatus.OK);
----+		return new ResponseEntity<>(productResponse, HttpStatus.OK);
---- 
-----    }
----+	}
---- 
-----    @PostMapping("/admin/categories/{categoryId}")
-----    public ResponseEntity<ProductDto> createProduct(@Valid @RequestBody ProductDto productDto,
-----            @PathVariable Long categoryId) {
-----        ProductDto savedProductDto = productService.saveProduct(productDto, categoryId);
----+	@PostMapping("/admin/categories/{categoryId}")
----+	public ResponseEntity<ProductDto> createProduct(@Valid @RequestBody ProductDto productDto,
----+			@PathVariable Long categoryId) {
----+		ProductDto savedProductDto = productService.saveProduct(productDto, categoryId);
---- 
-----        return new ResponseEntity<>(savedProductDto, HttpStatus.CREATED);
----+		return new ResponseEntity<>(savedProductDto, HttpStatus.CREATED);
---- 
-----    }
----+	}
---- 
-----    @PutMapping("/admin/{id}")
-----    public ResponseEntity<ProductDto> updateProduct(@PathVariable Long id, @Valid @RequestBody ProductDto productDto) {
-----        ProductDto updatedProductDto = productService.updateProduct(id, productDto);
----+	@PutMapping("/admin/{id}")
----+	public ResponseEntity<ProductDto> updateProduct(@PathVariable Long id, @Valid @RequestBody ProductDto productDto) {
----+		ProductDto updatedProductDto = productService.updateProduct(id, productDto);
---- 
-----        return new ResponseEntity<>(updatedProductDto, HttpStatus.OK);
----+		return new ResponseEntity<>(updatedProductDto, HttpStatus.OK);
---- 
-----    }
----+	}
---- 
-----    @PutMapping("/public/{productId}/image")
-----    public ResponseEntity<ProductDto> updateProductImage(@PathVariable Long productId,
-----            @RequestParam("image") MultipartFile image) throws IOException {
-----        ProductDto updatedProductDto = productService.updateProductImage(productId, image);
----+	@PutMapping("/public/{productId}/image")
----+	public ResponseEntity<ProductDto> updateProductImage(@PathVariable Long productId,
----+			@RequestParam("image") MultipartFile image) throws IOException {
----+		ProductDto updatedProductDto = productService.updateProductImage(productId, image);
---- 
-----        return new ResponseEntity<>(updatedProductDto, HttpStatus.OK);
----+		return new ResponseEntity<>(updatedProductDto, HttpStatus.OK);
---- 
-----    }
----+	}
---- 
-----    @DeleteMapping("/admin/{id}")
-----    public ResponseEntity<ProductDto> deleteProduct(@PathVariable Long id) {
-----        ProductDto deletedProductDto = productService.deleteProduct(id);
----+	@DeleteMapping("/admin/{id}")
----+	public ResponseEntity<ProductDto> deleteProduct(@PathVariable Long id) {
----+		ProductDto deletedProductDto = productService.deleteProduct(id);
---- 
-----        return new ResponseEntity<>(deletedProductDto, HttpStatus.OK);
----+		return new ResponseEntity<>(deletedProductDto, HttpStatus.OK);
---- 
-----    }
----+	}
---- 
---- }
----diff --git a/src/main/java/com/Ecommerce/EcommerceApp/Dtos/ApiResponseDto.java b/src/main/java/com/Ecommerce/EcommerceApp/Dtos/ApiResponseDto.java
----index 2030602..7a737b6 100644
------- a/src/main/java/com/Ecommerce/EcommerceApp/Dtos/ApiResponseDto.java
----+++ b/src/main/java/com/Ecommerce/EcommerceApp/Dtos/ApiResponseDto.java
----@@ -10,6 +10,9 @@ import lombok.Setter;
---- @AllArgsConstructor
---- @NoArgsConstructor
---- public class ApiResponseDto {
-----    private String message; 
-----    private boolean status; 
----+
----+	private String message;
----+
----+	private boolean status;
----+
---- }
----diff --git a/src/main/java/com/Ecommerce/EcommerceApp/Dtos/CategoryDto.java b/src/main/java/com/Ecommerce/EcommerceApp/Dtos/CategoryDto.java
----index abec731..5ed00c7 100644
------- a/src/main/java/com/Ecommerce/EcommerceApp/Dtos/CategoryDto.java
----+++ b/src/main/java/com/Ecommerce/EcommerceApp/Dtos/CategoryDto.java
----@@ -1,4 +1,4 @@
-----package com.Ecommerce.EcommerceApp.Dtos; 
----+package com.Ecommerce.EcommerceApp.Dtos;
---- 
---- import lombok.AllArgsConstructor;
---- import lombok.Getter;
----@@ -10,7 +10,9 @@ import lombok.Setter;
---- @NoArgsConstructor
---- @AllArgsConstructor
---- public class CategoryDto {
-----    Long id;
-----    String name;
----+
----+	Long id;
----+
----+	String name;
---- 
---- }
----diff --git a/src/main/java/com/Ecommerce/EcommerceApp/Dtos/CategoryResponseDto.java b/src/main/java/com/Ecommerce/EcommerceApp/Dtos/CategoryResponseDto.java
----index 0dd1a12..67de1e8 100644
------- a/src/main/java/com/Ecommerce/EcommerceApp/Dtos/CategoryResponseDto.java
----+++ b/src/main/java/com/Ecommerce/EcommerceApp/Dtos/CategoryResponseDto.java
----@@ -10,11 +10,17 @@ import lombok.NoArgsConstructor;
---- @NoArgsConstructor
---- @AllArgsConstructor
---- public class CategoryResponseDto {
-----    private List<CategoryDto> data;
-----    private Integer pageNumber;
-----    private Integer pageSize;
-----    private Integer totalElements;
-----    private Integer totalPages;
-----    private boolean lastPage;
----+
----+	private List<CategoryDto> data;
----+
----+	private Integer pageNumber;
----+
----+	private Integer pageSize;
----+
----+	private Integer totalElements;
----+
----+	private Integer totalPages;
----+
----+	private boolean lastPage;
---- 
---- }
----diff --git a/src/main/java/com/Ecommerce/EcommerceApp/Dtos/ProductDto.java b/src/main/java/com/Ecommerce/EcommerceApp/Dtos/ProductDto.java
----index e459473..5ab1889 100644
------- a/src/main/java/com/Ecommerce/EcommerceApp/Dtos/ProductDto.java
----+++ b/src/main/java/com/Ecommerce/EcommerceApp/Dtos/ProductDto.java
----@@ -13,16 +13,24 @@ import lombok.Setter;
---- @NoArgsConstructor
---- public class ProductDto {
---- 
-----    private Long id;
-----    private String name;
-----    private String description;
-----    private Integer quantity;
-----    private Double price;
-----    private Double specialPrice;
-----    private String imageUrl;
-----    private Double discount;
-----    private User user;
-----
-----    // private Category category;
----+	private Long id;
----+
----+	private String name;
----+
----+	private String description;
----+
----+	private Integer quantity;
----+
----+	private Double price;
----+
----+	private Double specialPrice;
----+
----+	private String imageUrl;
----+
----+	private Double discount;
----+
----+	private User user;
----+
----+	// private Category category;
---- 
---- }
----diff --git a/src/main/java/com/Ecommerce/EcommerceApp/Dtos/ProductResponseDto.java b/src/main/java/com/Ecommerce/EcommerceApp/Dtos/ProductResponseDto.java
----index 7c2f7e2..885ca54 100644
------- a/src/main/java/com/Ecommerce/EcommerceApp/Dtos/ProductResponseDto.java
----+++ b/src/main/java/com/Ecommerce/EcommerceApp/Dtos/ProductResponseDto.java
----@@ -12,11 +12,17 @@ import lombok.Setter;
---- @AllArgsConstructor
---- @NoArgsConstructor
---- public class ProductResponseDto {
-----     private List<ProductDto> data;
-----    private Integer pageNumber;
-----    private Integer pageSize;
-----    private Integer totalElements;
-----    private Integer totalPages;
-----    private boolean lastPage;
----+
----+	private List<ProductDto> data;
----+
----+	private Integer pageNumber;
----+
----+	private Integer pageSize;
----+
----+	private Integer totalElements;
----+
----+	private Integer totalPages;
----+
----+	private boolean lastPage;
---- 
---- }
----\ No newline at end of file
----diff --git a/src/main/java/com/Ecommerce/EcommerceApp/Dtos/UserDTO.java b/src/main/java/com/Ecommerce/EcommerceApp/Dtos/UserDTO.java
----index e42f33c..11f07ee 100644
------- a/src/main/java/com/Ecommerce/EcommerceApp/Dtos/UserDTO.java
----+++ b/src/main/java/com/Ecommerce/EcommerceApp/Dtos/UserDTO.java
----@@ -18,18 +18,18 @@ import lombok.NoArgsConstructor;
---- @AllArgsConstructor
---- public class UserDTO {
---- 
-----    private Long userId;
----+	private Long userId;
---- 
-----    private String username;
----+	private String username;
---- 
-----    private String email;
----+	private String email;
---- 
-----    private String password;
----+	private String password;
---- 
-----    private Set<Role> roles = new HashSet<>();
----+	private Set<Role> roles = new HashSet<>();
---- 
-----    private List<Product> products;
----+	private List<Product> products;
---- 
-----    private List<Address> addresses = new ArrayList<>();
----+	private List<Address> addresses = new ArrayList<>();
---- 
---- }
----diff --git a/src/main/java/com/Ecommerce/EcommerceApp/EcommerceAppApplication.java b/src/main/java/com/Ecommerce/EcommerceApp/EcommerceAppApplication.java
----index 8dad35a..66835db 100644
------- a/src/main/java/com/Ecommerce/EcommerceApp/EcommerceAppApplication.java
----+++ b/src/main/java/com/Ecommerce/EcommerceApp/EcommerceAppApplication.java
----@@ -6,7 +6,8 @@ import org.springframework.boot.autoconfigure.SpringBootApplication;
---- @SpringBootApplication
---- public class EcommerceAppApplication {
---- 
-----    public static void main(String[] args) {
-----        SpringApplication.run(EcommerceAppApplication.class, args);
-----    }
----+	public static void main(String[] args) {
----+		SpringApplication.run(EcommerceAppApplication.class, args);
----+	}
----+
---- }
----diff --git a/src/main/java/com/Ecommerce/EcommerceApp/Exceptions/ApiException.java b/src/main/java/com/Ecommerce/EcommerceApp/Exceptions/ApiException.java
----index 7958d2b..fcf15b3 100644
------- a/src/main/java/com/Ecommerce/EcommerceApp/Exceptions/ApiException.java
----+++ b/src/main/java/com/Ecommerce/EcommerceApp/Exceptions/ApiException.java
----@@ -1,14 +1,15 @@
---- package com.Ecommerce.EcommerceApp.Exceptions;
---- 
---- public class ApiException extends RuntimeException {
-----    private static final long serialVersionUID = 1L; 
---- 
-----    public ApiException() {
----+	private static final long serialVersionUID = 1L;
---- 
-----    }
----+	public ApiException() {
----+
----+	}
----+
----+	public ApiException(String message) {
----+		super(message);
----+	}
---- 
-----    public ApiException(String message) {
-----        super(message); 
-----    }
-----    
---- }
----diff --git a/src/main/java/com/Ecommerce/EcommerceApp/Exceptions/GlobalExceptionHandler.java b/src/main/java/com/Ecommerce/EcommerceApp/Exceptions/GlobalExceptionHandler.java
----index a13bc9d..33b58de 100644
------- a/src/main/java/com/Ecommerce/EcommerceApp/Exceptions/GlobalExceptionHandler.java
----+++ b/src/main/java/com/Ecommerce/EcommerceApp/Exceptions/GlobalExceptionHandler.java
----@@ -16,36 +16,37 @@ import org.springframework.web.bind.annotation.ExceptionHandler;
---- @RestControllerAdvice
---- public class GlobalExceptionHandler {
---- 
-----    @ExceptionHandler(MethodArgumentNotValidException.class)
-----    public ResponseEntity<Map<String, String>> myMethodArgumentNotValidExceptionHandler(MethodArgumentNotValidException ex) {
-----        Map<String, String> response = new HashMap<>(); 
----+	@ExceptionHandler(MethodArgumentNotValidException.class)
----+	public ResponseEntity<Map<String, String>> myMethodArgumentNotValidExceptionHandler(
----+			MethodArgumentNotValidException ex) {
----+		Map<String, String> response = new HashMap<>();
---- 
-----        ex.getBindingResult().getAllErrors().forEach(err -> {
-----            String fieldName = ((FieldError)err).getField(); 
-----            String message = err.getDefaultMessage(); 
-----            response.put(fieldName, message); 
-----        });
----+		ex.getBindingResult().getAllErrors().forEach(err -> {
----+			String fieldName = ((FieldError) err).getField();
----+			String message = err.getDefaultMessage();
----+			response.put(fieldName, message);
----+		});
---- 
-----        return new ResponseEntity<Map<String, String>>(response, HttpStatus.BAD_REQUEST); 
----+		return new ResponseEntity<Map<String, String>>(response, HttpStatus.BAD_REQUEST);
---- 
-----    }
----+	}
---- 
-----    @ExceptionHandler(ResourceNotFoundException.class)
-----    public ResponseEntity<ApiResponseDto> customResourceNotFoundException(ResourceNotFoundException ex) {
-----        String message = ex.getMessage(); 
-----        ApiResponseDto apiResponseDto = new ApiResponseDto(message, false); 
----+	@ExceptionHandler(ResourceNotFoundException.class)
----+	public ResponseEntity<ApiResponseDto> customResourceNotFoundException(ResourceNotFoundException ex) {
----+		String message = ex.getMessage();
----+		ApiResponseDto apiResponseDto = new ApiResponseDto(message, false);
---- 
-----        return new ResponseEntity<>(apiResponseDto, HttpStatus.NOT_FOUND); 
----+		return new ResponseEntity<>(apiResponseDto, HttpStatus.NOT_FOUND);
---- 
-----    }
----+	}
---- 
-----     @ExceptionHandler(ApiException.class)
-----    public ResponseEntity<ApiResponseDto> customApiException(ApiException ex) {
-----        String message = ex.getMessage(); 
-----        ApiResponseDto apiResponseDto = new ApiResponseDto(message, false); 
----+	@ExceptionHandler(ApiException.class)
----+	public ResponseEntity<ApiResponseDto> customApiException(ApiException ex) {
----+		String message = ex.getMessage();
----+		ApiResponseDto apiResponseDto = new ApiResponseDto(message, false);
---- 
----+		return new ResponseEntity<>(apiResponseDto, HttpStatus.BAD_REQUEST);
---- 
-----        return new ResponseEntity<>(apiResponseDto, HttpStatus.BAD_REQUEST); 
----+	}
---- 
-----    }
---- }
----diff --git a/src/main/java/com/Ecommerce/EcommerceApp/Exceptions/ResourceNotFoundException.java b/src/main/java/com/Ecommerce/EcommerceApp/Exceptions/ResourceNotFoundException.java
----index db092c0..dc96690 100644
------- a/src/main/java/com/Ecommerce/EcommerceApp/Exceptions/ResourceNotFoundException.java
----+++ b/src/main/java/com/Ecommerce/EcommerceApp/Exceptions/ResourceNotFoundException.java
----@@ -1,34 +1,30 @@
---- package com.Ecommerce.EcommerceApp.Exceptions;
---- 
-----
---- public class ResourceNotFoundException extends RuntimeException {
-----    String resourceName; 
-----    String field; 
-----    String fieldName; 
-----    Long fieldId;
-----    public ResourceNotFoundException(String resourceName, String field, String fieldName) {
-----        super(String.format("%s not found with %s: %s", resourceName, field, fieldName)); 
-----        this.resourceName = resourceName;
-----        this.field = field;
-----        this.fieldName = fieldName;
-----    }
---- 
----+	String resourceName;
---- 
-----    public ResourceNotFoundException(String resourceName, String field, Long fieldId) {
-----         super(String.format("%s not found with %s: %d", resourceName, field, fieldId)); 
-----        this.resourceName = resourceName;
-----        this.field = field;
-----        this.fieldId = fieldId;
-----    }
----+	String field;
---- 
----+	String fieldName;
---- 
-----    public ResourceNotFoundException() {
-----    }
----+	Long fieldId;
---- 
-----    
----+	public ResourceNotFoundException(String resourceName, String field, String fieldName) {
----+		super(String.format("%s not found with %s: %s", resourceName, field, fieldName));
----+		this.resourceName = resourceName;
----+		this.field = field;
----+		this.fieldName = fieldName;
----+	}
---- 
----- 
----+	public ResourceNotFoundException(String resourceName, String field, Long fieldId) {
----+		super(String.format("%s not found with %s: %d", resourceName, field, fieldId));
----+		this.resourceName = resourceName;
----+		this.field = field;
----+		this.fieldId = fieldId;
----+	}
---- 
-----    
----+	public ResourceNotFoundException() {
----+	}
---- 
---- }
----diff --git a/src/main/java/com/Ecommerce/EcommerceApp/Interfaces/ICategoryService.java b/src/main/java/com/Ecommerce/EcommerceApp/Interfaces/ICategoryService.java
----index bd99def..c648f38 100644
------- a/src/main/java/com/Ecommerce/EcommerceApp/Interfaces/ICategoryService.java
----+++ b/src/main/java/com/Ecommerce/EcommerceApp/Interfaces/ICategoryService.java
----@@ -1,16 +1,16 @@
---- package com.Ecommerce.EcommerceApp.Interfaces;
---- 
-----
---- import com.Ecommerce.EcommerceApp.Dtos.CategoryDto;
---- import com.Ecommerce.EcommerceApp.Dtos.CategoryResponseDto;
---- 
---- public interface ICategoryService {
-----    CategoryResponseDto getAllCategories(Integer pageNumber, Integer pageSize, String sortBy, String sortOrder);
---- 
-----    CategoryDto createCategory(CategoryDto category);
----+	CategoryResponseDto getAllCategories(Integer pageNumber, Integer pageSize, String sortBy, String sortOrder);
----+
----+	CategoryDto createCategory(CategoryDto category);
---- 
-----    CategoryDto deleteCategory(Long categoryId);
----+	CategoryDto deleteCategory(Long categoryId);
---- 
-----    CategoryDto updateCategory(Long categoryId, CategoryDto updatedCategory);
----+	CategoryDto updateCategory(Long categoryId, CategoryDto updatedCategory);
---- 
---- }
----diff --git a/src/main/java/com/Ecommerce/EcommerceApp/Interfaces/ProductService.java b/src/main/java/com/Ecommerce/EcommerceApp/Interfaces/ProductService.java
----index b6a7708..d33cedf 100644
------- a/src/main/java/com/Ecommerce/EcommerceApp/Interfaces/ProductService.java
----+++ b/src/main/java/com/Ecommerce/EcommerceApp/Interfaces/ProductService.java
----@@ -2,29 +2,29 @@ package com.Ecommerce.EcommerceApp.Interfaces;
---- 
---- import java.io.IOException;
---- 
-----
---- import org.springframework.web.multipart.MultipartFile;
---- 
---- import com.Ecommerce.EcommerceApp.Dtos.ProductDto;
---- import com.Ecommerce.EcommerceApp.Dtos.ProductResponseDto;
---- 
---- public interface ProductService {
-----    ProductResponseDto getAllProducts(Integer pageNumber, Integer pageSize, String sortBy, String sortOrder);
---- 
-----    ProductDto getProduct(Long id);
----+	ProductResponseDto getAllProducts(Integer pageNumber, Integer pageSize, String sortBy, String sortOrder);
----+
----+	ProductDto getProduct(Long id);
---- 
-----    ProductDto saveProduct(ProductDto productDto, Long categoryId);
----+	ProductDto saveProduct(ProductDto productDto, Long categoryId);
---- 
-----    ProductDto updateProduct(Long id, ProductDto productDto);
----+	ProductDto updateProduct(Long id, ProductDto productDto);
---- 
-----    ProductDto deleteProduct(Long id);
----+	ProductDto deleteProduct(Long id);
---- 
-----    ProductResponseDto getProductsByCategory(Long categoryId, Integer pageNumber, Integer pageSize, String sortBy,
-----            String sortOrder);
----+	ProductResponseDto getProductsByCategory(Long categoryId, Integer pageNumber, Integer pageSize, String sortBy,
----+			String sortOrder);
---- 
-----    ProductResponseDto getProductsByKeyword(String keyword, Integer pageNumber, Integer pageSize, String sortBy,
-----            String sortOrder);
----+	ProductResponseDto getProductsByKeyword(String keyword, Integer pageNumber, Integer pageSize, String sortBy,
----+			String sortOrder);
---- 
-----    ProductDto updateProductImage(Long productId, MultipartFile image) throws IOException;
----+	ProductDto updateProductImage(Long productId, MultipartFile image) throws IOException;
---- 
---- }
----diff --git a/src/main/java/com/Ecommerce/EcommerceApp/Lib/AppConstants.java b/src/main/java/com/Ecommerce/EcommerceApp/Lib/AppConstants.java
----index 47ffd78..26a137e 100644
------- a/src/main/java/com/Ecommerce/EcommerceApp/Lib/AppConstants.java
----+++ b/src/main/java/com/Ecommerce/EcommerceApp/Lib/AppConstants.java
----@@ -1,11 +1,17 @@
---- package com.Ecommerce.EcommerceApp.Lib;
---- 
---- public class AppConstants {
-----    public static final String PAGE_NUMBER = "0";
-----    public static final String PAGE_SIZE = "10";
-----    public static final String SORT_CATEGORIES_BY = "id";
-----    public static final String SORT_PRODUCT_BY = "id"; 
-----    public static final String SORT_CATEGORIES_DIR = "asc";
-----    public static final String SORT_PRODUCTS_DIR = "asc";
----+
----+	public static final String PAGE_NUMBER = "0";
----+
----+	public static final String PAGE_SIZE = "10";
----+
----+	public static final String SORT_CATEGORIES_BY = "id";
----+
----+	public static final String SORT_PRODUCT_BY = "id";
----+
----+	public static final String SORT_CATEGORIES_DIR = "asc";
----+
----+	public static final String SORT_PRODUCTS_DIR = "asc";
---- 
---- }
----diff --git a/src/main/java/com/Ecommerce/EcommerceApp/Lib/Utils.java b/src/main/java/com/Ecommerce/EcommerceApp/Lib/Utils.java
----index d474cac..ff12950 100644
------- a/src/main/java/com/Ecommerce/EcommerceApp/Lib/Utils.java
----+++ b/src/main/java/com/Ecommerce/EcommerceApp/Lib/Utils.java
----@@ -9,32 +9,32 @@ import java.util.UUID;
---- 
---- import org.springframework.web.multipart.MultipartFile;
---- 
-----public  class Utils {
----+public class Utils {
---- 
-----       public static String uploadImage(MultipartFile image) throws IOException {
----+	public static String uploadImage(MultipartFile image) throws IOException {
---- 
-----        String originalFileName = image.getOriginalFilename();
-----        if (originalFileName == null || !originalFileName.contains(".")) {
-----            throw new IllegalArgumentException("Invalid file name");
-----        }
----+		String originalFileName = image.getOriginalFilename();
----+		if (originalFileName == null || !originalFileName.contains(".")) {
----+			throw new IllegalArgumentException("Invalid file name");
----+		}
---- 
-----        String extension = originalFileName.substring(originalFileName.lastIndexOf('.'));
-----        String fileName = UUID.randomUUID() + extension;
----+		String extension = originalFileName.substring(originalFileName.lastIndexOf('.'));
----+		String fileName = UUID.randomUUID() + extension;
---- 
-----        String rootPath = System.getProperty("user.dir");
-----        String uploadDir = rootPath + File.separator + "uploads" + File.separator + "images";
----+		String rootPath = System.getProperty("user.dir");
----+		String uploadDir = rootPath + File.separator + "uploads" + File.separator + "images";
---- 
-----        File folder = new File(uploadDir);
-----        if (!folder.exists()) {
-----            if (!folder.mkdirs()) {
-----                throw new IOException("Failed to create upload directory");
-----            }
-----        }
----+		File folder = new File(uploadDir);
----+		if (!folder.exists()) {
----+			if (!folder.mkdirs()) {
----+				throw new IOException("Failed to create upload directory");
----+			}
----+		}
---- 
-----        Path destination = Paths.get(uploadDir, fileName);
-----        Files.copy(image.getInputStream(), destination);
----+		Path destination = Paths.get(uploadDir, fileName);
----+		Files.copy(image.getInputStream(), destination);
----+
----+		return fileName;
----+	}
---- 
-----        return fileName;
-----    }
-----    
---- }
----diff --git a/src/main/java/com/Ecommerce/EcommerceApp/Mappers/CategoryMapper.java b/src/main/java/com/Ecommerce/EcommerceApp/Mappers/CategoryMapper.java
----index 788e82d..e821857 100644
------- a/src/main/java/com/Ecommerce/EcommerceApp/Mappers/CategoryMapper.java
----+++ b/src/main/java/com/Ecommerce/EcommerceApp/Mappers/CategoryMapper.java
----@@ -9,19 +9,19 @@ import org.mapstruct.MappingTarget;
---- 
---- @Mapper(componentModel = "spring")
---- public interface CategoryMapper {
-----    CategoryDto toDto(Category category);
---- 
-----    @Mapping(target = "createdAt", ignore = true)
-----    @Mapping(target = "updatedAt", ignore = true)
-----    @Mapping(target = "products", ignore = true)
-----    Category toEntity(CategoryDto categoryDto);
----+	CategoryDto toDto(Category category);
---- 
-----    List<CategoryDto> toDto(List<Category> categories);
----+	@Mapping(target = "createdAt", ignore = true)
----+	@Mapping(target = "updatedAt", ignore = true)
----+	@Mapping(target = "products", ignore = true)
----+	Category toEntity(CategoryDto categoryDto);
----+
----+	List<CategoryDto> toDto(List<Category> categories);
----+
----+	@Mapping(target = "createdAt", ignore = true)
----+	@Mapping(target = "updatedAt", ignore = true)
----+	@Mapping(target = "products", ignore = true)
----+	void updateCategoryFromDto(CategoryDto categoryDto, @MappingTarget Category category);
---- 
-----    @Mapping(target = "createdAt", ignore = true)
-----    @Mapping(target = "updatedAt", ignore = true)
-----    @Mapping(target = "products", ignore = true)
-----    void updateCategoryFromDto(
-----            CategoryDto categoryDto,
-----            @MappingTarget Category category);
---- }
----diff --git a/src/main/java/com/Ecommerce/EcommerceApp/Mappers/ProductMapper.java b/src/main/java/com/Ecommerce/EcommerceApp/Mappers/ProductMapper.java
----index 002353a..b148b69 100644
------- a/src/main/java/com/Ecommerce/EcommerceApp/Mappers/ProductMapper.java
----+++ b/src/main/java/com/Ecommerce/EcommerceApp/Mappers/ProductMapper.java
----@@ -12,21 +12,21 @@ import com.Ecommerce.EcommerceApp.Models.Product;
---- @Mapper(componentModel = "spring")
---- public interface ProductMapper {
---- 
-----    ProductDto toDto(Product product);
----+	ProductDto toDto(Product product);
---- 
-----    List<ProductDto> toDto(List<Product> product);
----+	List<ProductDto> toDto(List<Product> product);
---- 
-----    @Mapping(target = "createdAt", ignore = true)
-----    @Mapping(target = "updatedAt", ignore = true)
-----    @Mapping(target = "category", ignore = true)
----+	@Mapping(target = "createdAt", ignore = true)
----+	@Mapping(target = "updatedAt", ignore = true)
----+	@Mapping(target = "category", ignore = true)
---- 
-----    Product toEntity(ProductDto productDto);
----+	Product toEntity(ProductDto productDto);
---- 
-----    @Mapping(target = "createdAt", ignore = true)
-----    @Mapping(target = "updatedAt", ignore = true)
-----    @Mapping(target = "category", ignore = true)
-----    @Mapping(target = "id", ignore = true)
----+	@Mapping(target = "createdAt", ignore = true)
----+	@Mapping(target = "updatedAt", ignore = true)
----+	@Mapping(target = "category", ignore = true)
----+	@Mapping(target = "id", ignore = true)
---- 
-----    void updateProductFromDto(ProductDto productDto, @MappingTarget Product product);
----+	void updateProductFromDto(ProductDto productDto, @MappingTarget Product product);
---- 
---- }
----diff --git a/src/main/java/com/Ecommerce/EcommerceApp/Mappers/UserMapper.java b/src/main/java/com/Ecommerce/EcommerceApp/Mappers/UserMapper.java
----index 6217520..2d93003 100644
------- a/src/main/java/com/Ecommerce/EcommerceApp/Mappers/UserMapper.java
----+++ b/src/main/java/com/Ecommerce/EcommerceApp/Mappers/UserMapper.java
----@@ -12,12 +12,12 @@ import com.Ecommerce.EcommerceApp.Models.User;
---- @Mapper(componentModel = "spring")
---- public interface UserMapper {
---- 
-----    UserDTO toDto(User user);
----+	UserDTO toDto(User user);
---- 
-----    List<UserDTO> toDto(List<User> users);
----+	List<UserDTO> toDto(List<User> users);
---- 
-----    User toEntity(UserDTO productDto);
----+	User toEntity(UserDTO productDto);
---- 
-----    void updateUserFromDto(UserDTO userDTO, @MappingTarget User user);
----+	void updateUserFromDto(UserDTO userDTO, @MappingTarget User user);
---- 
---- }
----diff --git a/src/main/java/com/Ecommerce/EcommerceApp/Models/Address.java b/src/main/java/com/Ecommerce/EcommerceApp/Models/Address.java
----index 82acbcb..be87287 100644
------- a/src/main/java/com/Ecommerce/EcommerceApp/Models/Address.java
----+++ b/src/main/java/com/Ecommerce/EcommerceApp/Models/Address.java
----@@ -23,37 +23,38 @@ import lombok.ToString;
---- @AllArgsConstructor
---- @Table(name = "addresses")
---- public class Address {
-----    @Id
-----    @GeneratedValue(strategy = GenerationType.AUTO)
-----    @Column(name = "address_id")
-----    private Long addressId;
-----
-----    @NotBlank
-----    @Size(min = 5, message = "Street name must be atleast 5 characters")
-----    private String street;
-----
-----    @NotBlank
-----    @Size(min = 5, message = "Building name must be atleast 5 characters")
-----    private String buildingName;
-----
-----    @NotBlank
-----    @Size(min = 5, message = "City name must be atleast 5 characters")
-----    private String city;
-----
-----    @NotBlank
-----    @Size(min = 2, message = "State name must be atleast 2 characters")
-----    private String state;
-----
-----    @NotBlank
-----    @Size(min = 2, message = "Country name must be atleast 5 characters")
-----    private String country;
-----
-----    @NotBlank
-----    @Size(min = 6, message = "Pin code name must be atleast 5 characters")
-----    private String pincode;
-----
-----    @ManyToMany(mappedBy = "addresses")
-----    @ToString.Exclude
-----    private List<User> users = new ArrayList<>();
----+
----+	@Id
----+	@GeneratedValue(strategy = GenerationType.AUTO)
----+	@Column(name = "address_id")
----+	private Long addressId;
----+
----+	@NotBlank
----+	@Size(min = 5, message = "Street name must be atleast 5 characters")
----+	private String street;
----+
----+	@NotBlank
----+	@Size(min = 5, message = "Building name must be atleast 5 characters")
----+	private String buildingName;
----+
----+	@NotBlank
----+	@Size(min = 5, message = "City name must be atleast 5 characters")
----+	private String city;
----+
----+	@NotBlank
----+	@Size(min = 2, message = "State name must be atleast 2 characters")
----+	private String state;
----+
----+	@NotBlank
----+	@Size(min = 2, message = "Country name must be atleast 5 characters")
----+	private String country;
----+
----+	@NotBlank
----+	@Size(min = 6, message = "Pin code name must be atleast 5 characters")
----+	private String pincode;
----+
----+	@ManyToMany(mappedBy = "addresses")
----+	@ToString.Exclude
----+	private List<User> users = new ArrayList<>();
---- 
---- }
----diff --git a/src/main/java/com/Ecommerce/EcommerceApp/Models/AppRole.java b/src/main/java/com/Ecommerce/EcommerceApp/Models/AppRole.java
----index 26a860c..75c1954 100644
------- a/src/main/java/com/Ecommerce/EcommerceApp/Models/AppRole.java
----+++ b/src/main/java/com/Ecommerce/EcommerceApp/Models/AppRole.java
----@@ -1,7 +1,7 @@
-----package com.Ecommerce.EcommerceApp.Models; 
----+package com.Ecommerce.EcommerceApp.Models;
---- 
---- public enum AppRole {
-----    ROLE_ADMIN,
-----    ROLE_USER,
-----    ROLE_SELLER
----+
----+	ROLE_ADMIN, ROLE_USER, ROLE_SELLER
----+
---- }
----\ No newline at end of file
----diff --git a/src/main/java/com/Ecommerce/EcommerceApp/Models/Category.java b/src/main/java/com/Ecommerce/EcommerceApp/Models/Category.java
----index 7fea3a3..64c7f58 100644
------- a/src/main/java/com/Ecommerce/EcommerceApp/Models/Category.java
----+++ b/src/main/java/com/Ecommerce/EcommerceApp/Models/Category.java
----@@ -23,21 +23,22 @@ import lombok.NoArgsConstructor;
---- @NoArgsConstructor
---- @AllArgsConstructor
---- public class Category {
-----    @Id
-----    @GeneratedValue(strategy = GenerationType.IDENTITY)
-----    private Long id;
---- 
-----    @NotBlank(message = "Category name is required")
-----    @Size(min = 2, message = "Category name must be at least 2 characters long")
-----    private String name;
----+	@Id
----+	@GeneratedValue(strategy = GenerationType.IDENTITY)
----+	private Long id;
---- 
-----    @OneToMany(mappedBy = "category", cascade = CascadeType.ALL)
-----    private List<Product> products; 
----+	@NotBlank(message = "Category name is required")
----+	@Size(min = 2, message = "Category name must be at least 2 characters long")
----+	private String name;
---- 
-----     @CreationTimestamp
-----    private LocalDateTime createdAt;
----+	@OneToMany(mappedBy = "category", cascade = CascadeType.ALL)
----+	private List<Product> products;
---- 
-----    @UpdateTimestamp
-----    private LocalDateTime updatedAt;
----+	@CreationTimestamp
----+	private LocalDateTime createdAt;
----+
----+	@UpdateTimestamp
----+	private LocalDateTime updatedAt;
---- 
---- }
----diff --git a/src/main/java/com/Ecommerce/EcommerceApp/Models/Product.java b/src/main/java/com/Ecommerce/EcommerceApp/Models/Product.java
----index 84369a5..f2dbd61 100644
------- a/src/main/java/com/Ecommerce/EcommerceApp/Models/Product.java
----+++ b/src/main/java/com/Ecommerce/EcommerceApp/Models/Product.java
----@@ -26,34 +26,41 @@ import lombok.ToString;
---- @NoArgsConstructor
---- @ToString
---- public class Product {
-----    @Id
-----    @GeneratedValue(strategy = GenerationType.AUTO)
-----    private Long id;
-----
-----    @NotBlank
-----    @Size(min = 3, message = "Product Name must contain atleast 3 character")
-----    private String name;
-----    @NotBlank
-----    @Size(min = 6, message = "Product description must contain atleast 6  characters")
-----    private String description;
-----    private Integer quantity;
-----    private Double price;
-----    private Double specialPrice;
-----    private String imageUrl;
-----    private Double discount;
-----
-----    @ManyToOne
-----    @JoinColumn(name = "category_id")
-----    private Category category;
-----
-----    @CreationTimestamp
-----    private LocalDateTime createdAt;
-----
-----    @UpdateTimestamp
-----    private LocalDateTime updatedAt;
-----
-----    @ManyToOne()
-----    @JoinColumn(name = "seller_id")
-----    private User user;
----+
----+	@Id
----+	@GeneratedValue(strategy = GenerationType.AUTO)
----+	private Long id;
----+
----+	@NotBlank
----+	@Size(min = 3, message = "Product Name must contain atleast 3 character")
----+	private String name;
----+
----+	@NotBlank
----+	@Size(min = 6, message = "Product description must contain atleast 6  characters")
----+	private String description;
----+
----+	private Integer quantity;
----+
----+	private Double price;
----+
----+	private Double specialPrice;
----+
----+	private String imageUrl;
----+
----+	private Double discount;
----+
----+	@ManyToOne
----+	@JoinColumn(name = "category_id")
----+	private Category category;
----+
----+	@CreationTimestamp
----+	private LocalDateTime createdAt;
----+
----+	@UpdateTimestamp
----+	private LocalDateTime updatedAt;
----+
----+	@ManyToOne()
----+	@JoinColumn(name = "seller_id")
----+	private User user;
---- 
---- }
----diff --git a/src/main/java/com/Ecommerce/EcommerceApp/Models/Role.java b/src/main/java/com/Ecommerce/EcommerceApp/Models/Role.java
----index b3f82f2..c525416 100644
------- a/src/main/java/com/Ecommerce/EcommerceApp/Models/Role.java
----+++ b/src/main/java/com/Ecommerce/EcommerceApp/Models/Role.java
----@@ -20,14 +20,14 @@ import lombok.ToString;
---- @Table(name = "roles")
---- public class Role {
---- 
-----    @Id
-----    @GeneratedValue(strategy = GenerationType.AUTO)
-----    @Column(name = "role_id")
-----    private Long roleId;
----+	@Id
----+	@GeneratedValue(strategy = GenerationType.AUTO)
----+	@Column(name = "role_id")
----+	private Long roleId;
---- 
-----    @ToString.Exclude
-----    @Column(length = 20, name = "role_name")
-----    @Enumerated(EnumType.STRING)
-----    private AppRole roleName;
----+	@ToString.Exclude
----+	@Column(length = 20, name = "role_name")
----+	@Enumerated(EnumType.STRING)
----+	private AppRole roleName;
---- 
---- }
----diff --git a/src/main/java/com/Ecommerce/EcommerceApp/Models/User.java b/src/main/java/com/Ecommerce/EcommerceApp/Models/User.java
----index 5fe32ae..e5c3d3c 100644
------- a/src/main/java/com/Ecommerce/EcommerceApp/Models/User.java
----+++ b/src/main/java/com/Ecommerce/EcommerceApp/Models/User.java
----@@ -30,40 +30,46 @@ import lombok.ToString;
---- @Data
---- @NoArgsConstructor
---- @AllArgsConstructor
-----@Table(name = "users", uniqueConstraints = {
-----        @UniqueConstraint(columnNames = "username"),
-----        @UniqueConstraint(columnNames = "email")
-----})
----+@Table(name = "users",
----+		uniqueConstraints = { @UniqueConstraint(columnNames = "username"), @UniqueConstraint(columnNames = "email") })
---- public class User {
---- 
-----    @Id
-----    @GeneratedValue(strategy = GenerationType.AUTO)
-----    private Long userId;
----+	@Id
----+	@GeneratedValue(strategy = GenerationType.AUTO)
----+	private Long userId;
---- 
-----    @NotBlank
-----    @Size(max = 20)
-----    @Column(name = "username")
-----    private String username;
----+	@NotBlank
----+	@Size(max = 20)
----+	@Column(name = "username")
----+	private String username;
---- 
-----    @NotBlank
-----    @Size(max = 50)
-----    @Email
-----    private String email;
----+	@NotBlank
----+	@Size(max = 50)
----+	@Email
----+	private String email;
---- 
-----    @NotBlank
-----    @Size(max = 120, min = 3)
-----    private String password;
----+	@NotBlank
----+	@Size(max = 120, min = 3)
----+	private String password;
---- 
-----    @ManyToMany(cascade = { CascadeType.PERSIST, CascadeType.MERGE }, fetch = FetchType.EAGER)
-----    @JoinTable(name = "user_role", joinColumns = @JoinColumn(name = "user_id"), inverseJoinColumns = @JoinColumn(name = "role_id"))
-----    private Set<Role> roles = new HashSet<>();
----+	@ManyToMany(cascade = { CascadeType.PERSIST, CascadeType.MERGE }, fetch = FetchType.EAGER)
----+	@JoinTable(name = "user_role", joinColumns = @JoinColumn(name = "user_id"),
----+			inverseJoinColumns = @JoinColumn(name = "role_id"))
----+	private Set<Role> roles = new HashSet<>();
---- 
-----    @ToString.Exclude
-----    @OneToMany(mappedBy = "user", cascade = { CascadeType.PERSIST, CascadeType.MERGE }, orphanRemoval = true)
-----    private List<Product> products;
----+	@ToString.Exclude
----+	@OneToMany(mappedBy = "user", cascade = { CascadeType.PERSIST, CascadeType.MERGE }, orphanRemoval = true)
----+	private List<Product> products;
---- 
-----    @ManyToMany(cascade = { CascadeType.PERSIST, CascadeType.MERGE })
-----    @JoinTable(name = "user_address", joinColumns = @JoinColumn(name = "user_id"), inverseJoinColumns = @JoinColumn(name = "address_id"))
-----    private List<Address> addresses = new ArrayList<>();
----+	@ManyToMany(cascade = { CascadeType.PERSIST, CascadeType.MERGE })
----+	@JoinTable(name = "user_address", joinColumns = @JoinColumn(name = "user_id"),
----+			inverseJoinColumns = @JoinColumn(name = "address_id"))
----+	private List<Address> addresses = new ArrayList<>();
----+
----+	public User(String username, String email, String password) {
----+		this.username = username;
----+		this.email = email;
----+		this.password = password;
----+	}
---- 
---- }
----diff --git a/src/main/java/com/Ecommerce/EcommerceApp/Repositories/ICategoryRepository.java b/src/main/java/com/Ecommerce/EcommerceApp/Repositories/ICategoryRepository.java
----index 14f60bd..3194c7d 100644
------- a/src/main/java/com/Ecommerce/EcommerceApp/Repositories/ICategoryRepository.java
----+++ b/src/main/java/com/Ecommerce/EcommerceApp/Repositories/ICategoryRepository.java
----@@ -1,7 +1,5 @@
---- package com.Ecommerce.EcommerceApp.Repositories;
---- 
-----
-----
---- import org.springframework.data.jpa.repository.JpaRepository;
---- import org.springframework.stereotype.Repository;
---- 
----@@ -9,6 +7,7 @@ import com.Ecommerce.EcommerceApp.Models.Category;
---- 
---- @Repository
---- public interface ICategoryRepository extends JpaRepository<Category, Long> {
-----    Category findByName(String name); 
----+
----+	Category findByName(String name);
---- 
---- }
----diff --git a/src/main/java/com/Ecommerce/EcommerceApp/Repositories/ProductRepository.java b/src/main/java/com/Ecommerce/EcommerceApp/Repositories/ProductRepository.java
----index 3db7fbf..661af2e 100644
------- a/src/main/java/com/Ecommerce/EcommerceApp/Repositories/ProductRepository.java
----+++ b/src/main/java/com/Ecommerce/EcommerceApp/Repositories/ProductRepository.java
----@@ -10,8 +10,9 @@ import com.Ecommerce.EcommerceApp.Models.Product;
---- 
---- @Repository
---- public interface ProductRepository extends JpaRepository<Product, Long> {
-----    Page<Product> findByCategoryOrderByPriceAsc(Category category, Pageable pageDetails);
---- 
-----    Page<Product> findByNameLikeIgnoreCase(String keyword, Pageable pageDetails);
----+	Page<Product> findByCategoryOrderByPriceAsc(Category category, Pageable pageDetails);
----+
----+	Page<Product> findByNameLikeIgnoreCase(String keyword, Pageable pageDetails);
---- 
---- }
----diff --git a/src/main/java/com/Ecommerce/EcommerceApp/Repositories/UserRepository.java b/src/main/java/com/Ecommerce/EcommerceApp/Repositories/UserRepository.java
----index e83f3d9..f836e44 100644
------- a/src/main/java/com/Ecommerce/EcommerceApp/Repositories/UserRepository.java
----+++ b/src/main/java/com/Ecommerce/EcommerceApp/Repositories/UserRepository.java
----@@ -1,7 +1,5 @@
---- package com.Ecommerce.EcommerceApp.Repositories;
---- 
-----
-----
---- import java.util.Optional;
---- 
---- import org.springframework.data.jpa.repository.JpaRepository;
----@@ -10,10 +8,12 @@ import org.springframework.stereotype.Repository;
---- import com.Ecommerce.EcommerceApp.Models.User;
---- 
---- @Repository
-----public interface UserRepository extends JpaRepository<User, Long>{
----+public interface UserRepository extends JpaRepository<User, Long> {
----+
----+	Optional<User> findByUsername(String username);
----+
----+	boolean existsByUsername(String username);
----+
----+	boolean existsByEmail(String email);
---- 
-----    Optional<User> findByUsername(String username);
-----    
-----    
-----    
---- }
----diff --git a/src/main/java/com/Ecommerce/EcommerceApp/Security/DTOs/LoginRequestDTO.java b/src/main/java/com/Ecommerce/EcommerceApp/Security/DTOs/LoginRequestDTO.java
----index 3b11919..689a76f 100644
------- a/src/main/java/com/Ecommerce/EcommerceApp/Security/DTOs/LoginRequestDTO.java
----+++ b/src/main/java/com/Ecommerce/EcommerceApp/Security/DTOs/LoginRequestDTO.java
----@@ -8,9 +8,9 @@ import lombok.NoArgsConstructor;
---- @AllArgsConstructor
---- @NoArgsConstructor
---- public class LoginRequestDTO {
-----    private String username; 
-----    private String password; 
---- 
----+	private String username;
----+
----+	private String password;
---- 
-----    
---- }
----diff --git a/src/main/java/com/Ecommerce/EcommerceApp/Security/DTOs/LoginResponseDTO.java b/src/main/java/com/Ecommerce/EcommerceApp/Security/DTOs/LoginResponseDTO.java
----index a04e2ff..54bfdae 100644
------- a/src/main/java/com/Ecommerce/EcommerceApp/Security/DTOs/LoginResponseDTO.java
----+++ b/src/main/java/com/Ecommerce/EcommerceApp/Security/DTOs/LoginResponseDTO.java
----@@ -10,8 +10,13 @@ import lombok.Setter;
---- @Setter
---- @AllArgsConstructor
---- public class LoginResponseDTO {
-----    private String jwtToken;
-----    private String username;
-----    private List<String> roles;
----+
----+	private Long id;
----+
----+	private String jwtToken;
----+
----+	private String username;
----+
----+	private List<String> roles;
---- 
---- }
----diff --git a/src/main/java/com/Ecommerce/EcommerceApp/Security/Jwt/AuthEntryPointJwt.java b/src/main/java/com/Ecommerce/EcommerceApp/Security/Jwt/AuthEntryPointJwt.java
----index 2988175..91c282e 100644
------- a/src/main/java/com/Ecommerce/EcommerceApp/Security/Jwt/AuthEntryPointJwt.java
----+++ b/src/main/java/com/Ecommerce/EcommerceApp/Security/Jwt/AuthEntryPointJwt.java
----@@ -20,24 +20,24 @@ import tools.jackson.databind.ObjectMapper;
---- @Slf4j
---- public class AuthEntryPointJwt implements AuthenticationEntryPoint {
---- 
-----    @Override
-----    public void commence(HttpServletRequest request, HttpServletResponse response,
-----            AuthenticationException authException) throws IOException, ServletException {
-----        log.error("Unauthorized error: {}", authException.getMessage());
----+	@Override
----+	public void commence(HttpServletRequest request, HttpServletResponse response,
----+			AuthenticationException authException) throws IOException, ServletException {
----+		log.error("Unauthorized error: {}", authException.getMessage());
---- 
-----        response.setContentType(MediaType.APPLICATION_JSON_VALUE);
-----        response.setStatus(HttpServletResponse.SC_UNAUTHORIZED);
----+		response.setContentType(MediaType.APPLICATION_JSON_VALUE);
----+		response.setStatus(HttpServletResponse.SC_UNAUTHORIZED);
---- 
-----        final Map<String, Object> body = new HashMap<>();
----+		final Map<String, Object> body = new HashMap<>();
---- 
-----        body.put("status", HttpServletResponse.SC_UNAUTHORIZED);
-----        body.put("error", "Unauthorized");
-----        body.put("message", authException.getMessage());
-----        body.put("path", request.getServletPath());
----+		body.put("status", HttpServletResponse.SC_UNAUTHORIZED);
----+		body.put("error", "Unauthorized");
----+		body.put("message", authException.getMessage());
----+		body.put("path", request.getServletPath());
---- 
-----        final ObjectMapper mapper = new ObjectMapper();
-----        mapper.writeValue(response.getOutputStream(), body);
----+		final ObjectMapper mapper = new ObjectMapper();
----+		mapper.writeValue(response.getOutputStream(), body);
---- 
-----    }
----+	}
---- 
---- }
----diff --git a/src/main/java/com/Ecommerce/EcommerceApp/Security/Jwt/AuthTokenFilter.java b/src/main/java/com/Ecommerce/EcommerceApp/Security/Jwt/AuthTokenFilter.java
----index cbb22e1..97b2ac3 100644
------- a/src/main/java/com/Ecommerce/EcommerceApp/Security/Jwt/AuthTokenFilter.java
----+++ b/src/main/java/com/Ecommerce/EcommerceApp/Security/Jwt/AuthTokenFilter.java
----@@ -22,50 +22,49 @@ import lombok.extern.slf4j.Slf4j;
---- @Slf4j
---- public class AuthTokenFilter extends OncePerRequestFilter {
---- 
-----    @Autowired
-----    private  JwtUtils jwtUtils;
----+	@Autowired
----+	private JwtUtils jwtUtils;
---- 
-----    @Autowired
-----    private UserDetailsService userDetailsService;
----+	@Autowired
----+	private UserDetailsService userDetailsService;
---- 
-----   
----+	@Override
----+	protected void doFilterInternal(HttpServletRequest request, HttpServletResponse response, FilterChain filterChain)
----+			throws ServletException, IOException {
----+		log.debug("AuthTokenFilter called for URI: {}", request.getRequestURI());
---- 
-----    @Override
-----    protected void doFilterInternal(HttpServletRequest request, HttpServletResponse response, FilterChain filterChain)
-----            throws ServletException, IOException {
-----        log.debug("AuthTokenFilter called for URI: {}", request.getRequestURI());
----+		try {
----+			String jwt = parseJwt(request);
---- 
-----        try {
-----            String jwt = parseJwt(request);
----+			if (jwt != null && jwtUtils.validateJwtToken(jwt)) {
----+				String username = jwtUtils.getUserNameFromJwtToken(jwt);
---- 
-----            if (jwt != null && jwtUtils.validateJwtToken(jwt)) {
-----                String username = jwtUtils.getUserNameFromJwtToken(jwt);
----+				UserDetails userDetails = userDetailsService.loadUserByUsername(username);
---- 
-----                UserDetails userDetails = userDetailsService.loadUserByUsername(username);
----+				UsernamePasswordAuthenticationToken authenticationToken = new UsernamePasswordAuthenticationToken(
----+						userDetails, null, userDetails.getAuthorities());
---- 
-----                UsernamePasswordAuthenticationToken authenticationToken = new UsernamePasswordAuthenticationToken(
-----                        userDetails, null, userDetails.getAuthorities());
----+				log.debug("Roles from JWT: {}", userDetails.getAuthorities());
---- 
-----                log.debug("Roles from JWT: {}", userDetails.getAuthorities());
----+				authenticationToken.setDetails(new WebAuthenticationDetailsSource().buildDetails(request));
---- 
-----                authenticationToken.setDetails(new WebAuthenticationDetailsSource().buildDetails(request));
----+				SecurityContextHolder.getContext().setAuthentication(authenticationToken);
----+			}
---- 
-----                SecurityContextHolder.getContext().setAuthentication(authenticationToken);
-----            }
----+		}
----+		catch (Exception ex) {
----+			logger.error("Cannot set user authentication: {}", ex);
---- 
-----        } catch (Exception ex) {
-----            logger.error("Cannot set user authentication: {}", ex);
----+		}
---- 
-----        }
----+		filterChain.doFilter(request, response);
---- 
-----        filterChain.doFilter(request, response);
----+	}
---- 
-----    }
-----
-----    private String parseJwt(HttpServletRequest request) {
-----        String jwt = jwtUtils.getjwtFromHeader(request);
-----        log.debug("AuthTokenFilter.java: {}", jwt);
-----        return jwt;
-----    }
----+	private String parseJwt(HttpServletRequest request) {
----+		String jwt = jwtUtils.getjwtFromHeader(request);
----+		log.debug("AuthTokenFilter.java: {}", jwt);
----+		return jwt;
----+	}
---- 
---- }
----diff --git a/src/main/java/com/Ecommerce/EcommerceApp/Security/Jwt/JwtUtils.java b/src/main/java/com/Ecommerce/EcommerceApp/Security/Jwt/JwtUtils.java
----index c91a2dd..e9583d0 100644
------- a/src/main/java/com/Ecommerce/EcommerceApp/Security/Jwt/JwtUtils.java
----+++ b/src/main/java/com/Ecommerce/EcommerceApp/Security/Jwt/JwtUtils.java
----@@ -1,10 +1,12 @@
---- package com.Ecommerce.EcommerceApp.Security.Jwt;
---- 
---- import java.security.Key;
----+import java.util.Date;
---- 
---- import javax.crypto.SecretKey;
---- 
---- import org.springframework.beans.factory.annotation.Value;
----+import org.springframework.security.core.userdetails.UserDetails;
---- import org.springframework.stereotype.Component;
---- 
---- import io.jsonwebtoken.ExpiredJwtException;
----@@ -20,60 +22,66 @@ import lombok.extern.slf4j.Slf4j;
---- @Slf4j
---- public class JwtUtils {
---- 
-----    @Value("${spring.app.jwtSecret}")
-----    private String jwtSecret;
-----
-----    @Value("${spring.app.jwtExpirationMs}")
-----    private int jwtExpirationMs;
-----
-----    public String getjwtFromHeader(HttpServletRequest request) {
-----        String bearerToken = request.getHeader("Authorization");
-----
-----        log.debug("Authorization Header: {}", bearerToken);
-----
-----        if (bearerToken != null && bearerToken.startsWith("Bearer ")) {
-----            return bearerToken.substring(7); // Remove Bearer prefix
-----        }
-----
-----        return null;
-----
-----    }
-----
-----    public String getUserNameFromJwtToken(String token) {
-----        return Jwts
-----                .parser()
-----                .verifyWith((SecretKey) key())
-----                .build()
-----                .parseSignedClaims(token)
-----                .getPayload()
-----                .getSubject();
-----    }
-----
-----    private Key key() {
-----        return Keys.hmacShaKeyFor(Decoders.BASE64.decode(jwtSecret));
-----    }
-----
-----    public boolean validateJwtToken(String token) {
-----        try {
-----            System.out.println("------------Validate--------");
-----            log.debug("----------Validate-------");
-----            Jwts
-----                    .parser()
-----                    .verifyWith((SecretKey) key())
-----                    .build()
-----                    .parseSignedClaims(token);
-----            return true;
-----
-----        } catch (MalformedJwtException e) {
-----            log.error("Invalid JWT token: {}", e.getMessage());
-----        } catch (ExpiredJwtException e) {
-----            log.error("JWT token is expired: {}", e.getMessage());
-----        } catch (UnsupportedJwtException e) {
-----            log.error("JWT token is unsupported: {}", e.getMessage());
-----        } catch (IllegalArgumentException e) {
-----            log.error("JWT claims string is empty: {}", e.getMessage());
-----        }
-----
-----        return false; 
-----    }
----+	@Value("${spring.app.jwtSecret}")
----+	private String jwtSecret;
----+
----+	@Value("${spring.app.jwtExpirationMs}")
----+	private int jwtExpirationMs;
----+
----+	public String getjwtFromHeader(HttpServletRequest request) {
----+		String bearerToken = request.getHeader("Authorization");
----+
----+		log.debug("Authorization Header: {}", bearerToken);
----+
----+		if (bearerToken != null && bearerToken.startsWith("Bearer ")) {
----+			return bearerToken.substring(7); // Remove Bearer prefix
----+		}
----+
----+		return null;
----+
----+	}
----+
----+	public String getUserNameFromJwtToken(String token) {
----+		return Jwts.parser().verifyWith((SecretKey) key()).build().parseSignedClaims(token).getPayload().getSubject();
----+	}
----+
----+	private Key key() {
----+		return Keys.hmacShaKeyFor(Decoders.BASE64.decode(jwtSecret));
----+	}
----+
----+	public String generateTokenFromUsername(UserDetails userDetails) {
----+		String username = userDetails.getUsername();
----+
----+		return Jwts.builder()
----+			.subject(username)
----+			.issuedAt(new Date())
----+			.expiration(new Date((new Date()).getTime() + jwtExpirationMs))
----+			.signWith(key())
----+			.compact();
----+	}
----+
----+	public boolean validateJwtToken(String token) {
----+		try {
----+			System.out.println("------------Validate--------");
----+			log.debug("----------Validate-------");
----+			Jwts.parser().verifyWith((SecretKey) key()).build().parseSignedClaims(token);
----+			return true;
----+
----+		}
----+		catch (MalformedJwtException e) {
----+			log.error("Invalid JWT token: {}", e.getMessage());
----+		}
----+		catch (ExpiredJwtException e) {
----+			log.error("JWT token is expired: {}", e.getMessage());
----+		}
----+		catch (UnsupportedJwtException e) {
----+			log.error("JWT token is unsupported: {}", e.getMessage());
----+		}
----+		catch (IllegalArgumentException e) {
----+			log.error("JWT claims string is empty: {}", e.getMessage());
----+		}
----+
----+		return false;
----+	}
----+
---- }
----diff --git a/src/main/java/com/Ecommerce/EcommerceApp/Security/config/SecurityConfig.java b/src/main/java/com/Ecommerce/EcommerceApp/Security/config/SecurityConfig.java
----index 6b3c5b2..1e32cc7 100644
------- a/src/main/java/com/Ecommerce/EcommerceApp/Security/config/SecurityConfig.java
----+++ b/src/main/java/com/Ecommerce/EcommerceApp/Security/config/SecurityConfig.java
----@@ -24,104 +24,99 @@ import com.Ecommerce.EcommerceApp.Security.services.UserDetailsServiceImpl;
---- // @EnableMethodSecurity
---- public class SecurityConfig {
---- 
-----    @Autowired
-----    UserDetailsServiceImpl userDetailsService;
-----
-----    @Autowired
-----    private AuthEntryPointJwt unauthorizedHandler;
-----
-----    @Bean
-----    public AuthTokenFilter authenticationJwtTokenFilter() {
-----        return new AuthTokenFilter();
-----    }
-----
-----    @Bean
-----    public DaoAuthenticationProvider authenticationProvider() {
-----        DaoAuthenticationProvider authenticationProvider = new DaoAuthenticationProvider(userDetailsService);
-----
-----        authenticationProvider.setPasswordEncoder(passwordEncoder());
-----
-----        return authenticationProvider;
-----
-----    }
-----
-----    @Bean
-----    public SecurityFilterChain defaultSecurityFilterChain(HttpSecurity http) throws Exception {
-----        http
-----                .authorizeHttpRequests(authorizeRequests -> authorizeRequests
-----                        .requestMatchers("/api/auth/**")
-----                        .permitAll()
-----                        .requestMatchers("/v3/api-docs/**")
-----                        .permitAll()
-----                        .requestMatchers("/api/public/**")
-----                        .permitAll()
-----                        .requestMatchers("/api/admin/**")
-----                        .permitAll()
-----                        .requestMatchers("/images/**")
-----                        .permitAll()
-----                        .anyRequest().authenticated())
-----                .sessionManagement(session -> session
-----                        .sessionCreationPolicy(SessionCreationPolicy.STATELESS))
-----
-----                .exceptionHandling(exception -> exception
-----                        .authenticationEntryPoint(unauthorizedHandler))
-----                // .headers(headers -> headers
-----                // .frameOptions(frameOptions -> frameOptions
-----                // .sameOrigin()))
-----
-----                .csrf(csrf -> csrf.disable())
-----                .addFilterBefore(authenticationJwtTokenFilter(), UsernamePasswordAuthenticationFilter.class);
-----
-----        http.authenticationProvider(authenticationProvider());
-----
-----        return http.build();
-----
-----    }
-----
-----    // @Bean
-----    // public UserDetailsService userDetailsService(DataSource dataSource) {
-----    // return new JdbcUserDetailsManager(dataSource);
-----    // }
-----
-----    // @Bean
-----    // public CommandLineRunner initData(UserDetailsService userDetailsService) {
-----    // return args -> {
-----    // JdbcUserDetailsManager manager = (JdbcUserDetailsManager) userDetailsService;
-----    // UserDetails user1 = User.withUsername("user1")
-----    // .password(passwordEncoder().encode("password1"))
-----    // .roles("USER")
-----    // UserDetails admin = User.withUsername("admin")
-----    // //.password(passwordEncoder().encode("adminPass"))
-----    // .password(passwordEncoder().encode("adminPass"))
-----    // .roles("ADMIN")
-----    // .build();
-----
-----    // JdbcUserDetailsManager userDetailsManager = new
-----    // JdbcUserDetailsManager(dataSource);
-----    // userDetailsManager.createUser(user1);
-----    // u .build();
-----    // serDetailsManager.createUser(admin);
-----    // };
-----    // }
-----
-----    @Bean
-----    public PasswordEncoder passwordEncoder() {
-----        return new BCryptPasswordEncoder();
-----    }
-----
-----    @Bean
-----    public AuthenticationManager authenticationManager(AuthenticationConfiguration builder) {
-----        return builder.getAuthenticationManager();
-----    }
-----
-----    public WebSecurityCustomizer webSecurityCustomizer() {
-----        return (web -> web.ignoring().requestMatchers(
-----                "/v2/api-docs",
-----                "/configuration/ui",
-----                "/swagger-resources/**",
-----                "/configuration/security",
-----                "/swagger-ui.html",
-----                "/webjars/**"));
-----    }
----+	@Autowired
----+	UserDetailsServiceImpl userDetailsService;
----+
----+	@Autowired
----+	private AuthEntryPointJwt unauthorizedHandler;
----+
----+	@Bean
----+	public AuthTokenFilter authenticationJwtTokenFilter() {
----+		return new AuthTokenFilter();
----+	}
----+
----+	@Bean
----+	public DaoAuthenticationProvider authenticationProvider() {
----+		DaoAuthenticationProvider authenticationProvider = new DaoAuthenticationProvider(userDetailsService);
----+
----+		authenticationProvider.setPasswordEncoder(passwordEncoder());
----+
----+		return authenticationProvider;
----+
----+	}
----+
----+	@Bean
----+	public SecurityFilterChain defaultSecurityFilterChain(HttpSecurity http) throws Exception {
----+		http.authorizeHttpRequests(authorizeRequests -> authorizeRequests.requestMatchers("/api/auth/**")
----+			.permitAll()
----+			.requestMatchers("/v3/api-docs/**")
----+			.permitAll()
----+			.requestMatchers("api/v1/products/public/**")
----+			.permitAll()
----+			.requestMatchers("api/v1/public/**")
----+			.permitAll()
----+			.requestMatchers("/api/v1/admin/**")
----+			.permitAll()
----+			.requestMatchers("/images/**")
----+			.permitAll()
----+			.anyRequest()
----+			.authenticated())
----+			.sessionManagement(session -> session.sessionCreationPolicy(SessionCreationPolicy.STATELESS))
----+
----+			.exceptionHandling(exception -> exception.authenticationEntryPoint(unauthorizedHandler))
----+			// .headers(headers -> headers
----+			// .frameOptions(frameOptions -> frameOptions
----+			// .sameOrigin()))
----+
----+			.csrf(csrf -> csrf.disable())
----+			.addFilterBefore(authenticationJwtTokenFilter(), UsernamePasswordAuthenticationFilter.class);
----+
----+		http.authenticationProvider(authenticationProvider());
----+
----+		return http.build();
----+
----+	}
----+
----+	// @Bean
----+	// public UserDetailsService userDetailsService(DataSource dataSource) {
----+	// return new JdbcUserDetailsManager(dataSource);
----+	// }
----+
----+	// @Bean
----+	// public CommandLineRunner initData(UserDetailsService userDetailsService) {
----+	// return args -> {
----+	// JdbcUserDetailsManager manager = (JdbcUserDetailsManager) userDetailsService;
----+	// UserDetails user1 = User.withUsername("user1")
----+	// .password(passwordEncoder().encode("password1"))
----+	// .roles("USER")
----+	// UserDetails admin = User.withUsername("admin")
----+	// //.password(passwordEncoder().encode("adminPass"))
----+	// .password(passwordEncoder().encode("adminPass"))
----+	// .roles("ADMIN")
----+	// .build();
----+
----+	// JdbcUserDetailsManager userDetailsManager = new
----+	// JdbcUserDetailsManager(dataSource);
----+	// userDetailsManager.createUser(user1);
----+	// u .build();
----+	// serDetailsManager.createUser(admin);
----+	// };
----+	// }
----+
----+	@Bean
----+	public PasswordEncoder passwordEncoder() {
----+		return new BCryptPasswordEncoder();
----+	}
----+
----+	@Bean
----+	public AuthenticationManager authenticationManager(AuthenticationConfiguration builder) {
----+		return builder.getAuthenticationManager();
----+	}
----+
----+	public WebSecurityCustomizer webSecurityCustomizer() {
----+		return (web -> web.ignoring()
----+			.requestMatchers("/v2/api-docs", "/configuration/ui", "/swagger-resources/**", "/configuration/security",
----+					"/swagger-ui.html", "/webjars/**"));
----+	}
---- 
---- }
----diff --git a/src/main/java/com/Ecommerce/EcommerceApp/Security/services/UserDetailsImpl.java b/src/main/java/com/Ecommerce/EcommerceApp/Security/services/UserDetailsImpl.java
----index 201620b..0b2b477 100644
------- a/src/main/java/com/Ecommerce/EcommerceApp/Security/services/UserDetailsImpl.java
----+++ b/src/main/java/com/Ecommerce/EcommerceApp/Security/services/UserDetailsImpl.java
----@@ -20,86 +20,87 @@ import lombok.NoArgsConstructor;
---- @NoArgsConstructor
---- public class UserDetailsImpl implements UserDetails {
---- 
-----    private static final long serialVersionUID = 1L;
-----
-----    private Long id;
-----    private String username;
-----    private String email;
-----
-----    @JsonIgnore
-----    private String password;
-----    private Collection<? extends GrantedAuthority> authorities;
-----
-----    public UserDetailsImpl(Long id, String username, String email, String password,
-----            Collection<? extends GrantedAuthority> authorities) {
-----        this.id = id;
-----        this.username = username;
-----        this.password = password;
-----        this.email = email;
-----        this.authorities = authorities;
-----
-----    }
-----
-----    public static UserDetailsImpl build(User user) {
-----        List<GrantedAuthority> authorities = user.getRoles().stream()
-----                .map(role -> new SimpleGrantedAuthority(role.getRoleName().name())).collect(Collectors.toList());
-----        return new UserDetailsImpl(
-----                user.getUserId(),
-----                user.getUsername(),
-----                user.getPassword(),
-----                user.getEmail(),
-----                authorities);
-----    }
-----
-----    @Override
-----    public Collection<? extends GrantedAuthority> getAuthorities() {
-----        return authorities;
-----
-----    }
-----
-----    @Override
-----    public @Nullable String getPassword() {
-----        return password;
-----
-----    }
-----
-----    @Override
-----    public String getUsername() {
-----        return username;
-----
-----    }
-----
-----    @Override
-----    public boolean isAccountNonLocked() {
-----        return true;
-----
-----    }
-----
-----    @Override
-----    public boolean isCredentialsNonExpired() {
-----        return true;
-----    }
-----
-----    @Override
-----    public boolean isEnabled() {
-----        return true;
-----    }
-----
-----    @Override
-----    public boolean equals(Object o) {
-----        if (this == o)
-----            return true;
-----        if (o == null || getClass() != o.getClass())
-----            return false;
-----
-----        UserDetailsImpl user = (UserDetailsImpl) o;
-----
-----        return Objects.equals(id, user.id);
-----    }
-----
-----    @Override
-----    public int hashCode() {
-----        return Objects.hash(id);
-----    }
----+	private static final long serialVersionUID = 1L;
----+
----+	private Long id;
----+
----+	private String username;
----+
----+	private String email;
----+
----+	@JsonIgnore
----+	private String password;
----+
----+	private Collection<? extends GrantedAuthority> authorities;
----+
----+	public UserDetailsImpl(Long id, String username, String email, String password,
----+			Collection<? extends GrantedAuthority> authorities) {
----+		this.id = id;
----+		this.username = username;
----+		this.password = password;
----+		this.email = email;
----+		this.authorities = authorities;
----+
----+	}
----+
----+	public static UserDetailsImpl build(User user) {
----+		List<GrantedAuthority> authorities = user.getRoles()
----+			.stream()
----+			.map(role -> new SimpleGrantedAuthority(role.getRoleName().name()))
----+			.collect(Collectors.toList());
----+		return new UserDetailsImpl(user.getUserId(), user.getUsername(), user.getPassword(), user.getEmail(),
----+				authorities);
----+	}
----+
----+	@Override
----+	public Collection<? extends GrantedAuthority> getAuthorities() {
----+		return authorities;
----+
----+	}
----+
----+	@Override
----+	public @Nullable String getPassword() {
----+		return password;
----+
----+	}
----+
----+	@Override
----+	public String getUsername() {
----+		return username;
----+
----+	}
----+
----+	@Override
----+	public boolean isAccountNonLocked() {
----+		return true;
----+
----+	}
----+
----+	@Override
----+	public boolean isCredentialsNonExpired() {
----+		return true;
----+	}
----+
----+	@Override
----+	public boolean isEnabled() {
----+		return true;
----+	}
----+
----+	@Override
----+	public boolean equals(Object o) {
----+		if (this == o)
----+			return true;
----+		if (o == null || getClass() != o.getClass())
----+			return false;
----+
----+		UserDetailsImpl user = (UserDetailsImpl) o;
----+
----+		return Objects.equals(id, user.id);
----+	}
----+
----+	@Override
----+	public int hashCode() {
----+		return Objects.hash(id);
----+	}
---- 
---- }
----diff --git a/src/main/java/com/Ecommerce/EcommerceApp/Security/services/UserDetailsServiceImpl.java b/src/main/java/com/Ecommerce/EcommerceApp/Security/services/UserDetailsServiceImpl.java
----index 0270c78..53892bc 100644
------- a/src/main/java/com/Ecommerce/EcommerceApp/Security/services/UserDetailsServiceImpl.java
----+++ b/src/main/java/com/Ecommerce/EcommerceApp/Security/services/UserDetailsServiceImpl.java
----@@ -15,17 +15,16 @@ import lombok.RequiredArgsConstructor;
---- @RequiredArgsConstructor
---- public class UserDetailsServiceImpl implements UserDetailsService {
---- 
-----    private final UserRepository userRepository;
----+	private final UserRepository userRepository;
---- 
-----    @Override
-----    @Transactional
-----    public UserDetails loadUserByUsername(String username) throws UsernameNotFoundException {
-----        User user = userRepository
-----                .findByUsername(username)
-----                .orElseThrow(() -> new UsernameNotFoundException("User with username " + username + "Not found....")); 
----+	@Override
----+	@Transactional
----+	public UserDetails loadUserByUsername(String username) throws UsernameNotFoundException {
----+		User user = userRepository.findByUsername(username)
----+			.orElseThrow(() -> new UsernameNotFoundException("User with username " + username + "Not found...."));
---- 
-----        return UserDetailsImpl.build(user);
----+		return UserDetailsImpl.build(user);
---- 
-----    }
----+	}
---- 
---- }
----\ No newline at end of file
----diff --git a/src/main/java/com/Ecommerce/EcommerceApp/Services/CategoryService.java b/src/main/java/com/Ecommerce/EcommerceApp/Services/CategoryService.java
----index a15f829..a35f924 100644
------- a/src/main/java/com/Ecommerce/EcommerceApp/Services/CategoryService.java
----+++ b/src/main/java/com/Ecommerce/EcommerceApp/Services/CategoryService.java
----@@ -21,99 +21,91 @@ import com.Ecommerce.EcommerceApp.Repositories.ICategoryRepository;
---- import lombok.RequiredArgsConstructor;
---- 
---- /**
----- * Implementation of the ICategoryService interface for managing category
----- * operations.
----- * This service handles CRUD operations for categories, including pagination and
----- * validation.
----+ * Implementation of the ICategoryService interface for managing category operations. This
----+ * service handles CRUD operations for categories, including pagination and validation.
----  */
---- 
---- @Service
---- @RequiredArgsConstructor
---- public class CategoryService implements ICategoryService {
---- 
-----    // private List<Category> categories = new ArrayList<>();
----+	// private List<Category> categories = new ArrayList<>();
---- 
-----    private final ICategoryRepository categoryRepo;
----+	private final ICategoryRepository categoryRepo;
---- 
-----    private final CategoryMapper categoryMapper;
----+	private final CategoryMapper categoryMapper;
---- 
-----    
-----    @Override
-----    public CategoryResponseDto getAllCategories(Integer pageNumber, Integer pageSize, String sortBy, String sortOrder) {
-----        Sort sortByAndOrder = sortOrder.equalsIgnoreCase("asc") ? Sort.by(sortBy).ascending()
-----                : Sort.by(sortBy).descending();
-----        Pageable pageDetails = PageRequest.of(pageNumber, pageSize, sortByAndOrder);
----+	@Override
----+	public CategoryResponseDto getAllCategories(Integer pageNumber, Integer pageSize, String sortBy, String sortOrder) {
----+		Sort sortByAndOrder = sortOrder.equalsIgnoreCase("asc") ? Sort.by(sortBy).ascending()
----+				: Sort.by(sortBy).descending();
----+		Pageable pageDetails = PageRequest.of(pageNumber, pageSize, sortByAndOrder);
---- 
-----        Page<Category> categoryPage = categoryRepo.findAll(pageDetails);
-----        List<Category> categories = categoryPage.getContent();
----+		Page<Category> categoryPage = categoryRepo.findAll(pageDetails);
----+		List<Category> categories = categoryPage.getContent();
---- 
-----        if (categories.isEmpty() || categories.size() == 0)
-----            throw new ApiException("No Category created till now");
----+		if (categories.isEmpty() || categories.size() == 0)
----+			throw new ApiException("No Category created till now");
---- 
-----        List<CategoryDto> categoryDtoList = categoryMapper.toDto(categories);
----+		List<CategoryDto> categoryDtoList = categoryMapper.toDto(categories);
---- 
-----        return new CategoryResponseDto(
-----                categoryDtoList,
-----                categoryPage.getNumber(),
-----                categoryPage.getSize(),
-----                (int) categoryPage.getTotalElements(),
-----                categoryPage.getTotalPages(),
-----                categoryPage.isLast());
----+		return new CategoryResponseDto(categoryDtoList, categoryPage.getNumber(), categoryPage.getSize(),
----+				(int) categoryPage.getTotalElements(), categoryPage.getTotalPages(), categoryPage.isLast());
---- 
-----    }
----+	}
---- 
-----    @Override
-----    public CategoryDto createCategory(CategoryDto categoryDto) {
-----        // category.setId(nextId++);
----+	@Override
----+	public CategoryDto createCategory(CategoryDto categoryDto) {
----+		// category.setId(nextId++);
---- 
-----        if (categoryDto == null) {
-----            throw new ResponseStatusException(HttpStatus.BAD_REQUEST, "Category cannot be null");
-----        }
----+		if (categoryDto == null) {
----+			throw new ResponseStatusException(HttpStatus.BAD_REQUEST, "Category cannot be null");
----+		}
---- 
-----        Category existingCategory = categoryRepo.findByName(categoryDto.getName());
----+		Category existingCategory = categoryRepo.findByName(categoryDto.getName());
---- 
-----        if (existingCategory != null) {
-----            throw new ApiException("Category already exists!");
-----        }
----+		if (existingCategory != null) {
----+			throw new ApiException("Category already exists!");
----+		}
---- 
-----        Category category = categoryMapper.toEntity(categoryDto);
----+		Category category = categoryMapper.toEntity(categoryDto);
---- 
-----        Category savedCategory = categoryRepo.save(category);
-----        CategoryDto saveCategoryDto = categoryMapper.toDto(savedCategory);
----+		Category savedCategory = categoryRepo.save(category);
----+		CategoryDto saveCategoryDto = categoryMapper.toDto(savedCategory);
---- 
-----        return saveCategoryDto;
-----    }
----+		return saveCategoryDto;
----+	}
---- 
-----    @Override
-----    public CategoryDto deleteCategory(Long categoryId) {
----+	@Override
----+	public CategoryDto deleteCategory(Long categoryId) {
---- 
-----        Category category = categoryRepo.findById(categoryId).orElseThrow(
-----                () -> new ResourceNotFoundException("Category", "Id", categoryId));
----+		Category category = categoryRepo.findById(categoryId)
----+			.orElseThrow(() -> new ResourceNotFoundException("Category", "Id", categoryId));
---- 
-----        categoryRepo.delete(category);
----+		categoryRepo.delete(category);
---- 
-----        return categoryMapper.toDto(category);
----+		return categoryMapper.toDto(category);
---- 
-----    }
----+	}
---- 
-----    @Override
-----    public CategoryDto updateCategory(Long categoryId, CategoryDto updatedCategoryDto) {
----+	@Override
----+	public CategoryDto updateCategory(Long categoryId, CategoryDto updatedCategoryDto) {
---- 
-----        if (updatedCategoryDto == null) {
-----            throw new ResponseStatusException(HttpStatus.BAD_REQUEST, "Category Cannot be null");
-----        }
----+		if (updatedCategoryDto == null) {
----+			throw new ResponseStatusException(HttpStatus.BAD_REQUEST, "Category Cannot be null");
----+		}
---- 
-----        Category existingCategory = categoryRepo.findById(categoryId)
-----                .orElseThrow(() -> new ResourceNotFoundException("Category", "Id", categoryId));
----+		Category existingCategory = categoryRepo.findById(categoryId)
----+			.orElseThrow(() -> new ResourceNotFoundException("Category", "Id", categoryId));
---- 
-----        // updatedCategoryDto.setId(categoryId);
----+		// updatedCategoryDto.setId(categoryId);
---- 
-----        categoryMapper.updateCategoryFromDto(updatedCategoryDto, existingCategory);
----+		categoryMapper.updateCategoryFromDto(updatedCategoryDto, existingCategory);
---- 
-----        Category updatedCategory = categoryRepo.save(existingCategory);
----+		Category updatedCategory = categoryRepo.save(existingCategory);
---- 
-----        return categoryMapper.toDto(updatedCategory);
----+		return categoryMapper.toDto(updatedCategory);
---- 
-----    }
----+	}
---- 
---- }
----diff --git a/src/main/java/com/Ecommerce/EcommerceApp/Services/ProductServiceImpl.java b/src/main/java/com/Ecommerce/EcommerceApp/Services/ProductServiceImpl.java
----index f45c1a7..3ccb494 100644
------- a/src/main/java/com/Ecommerce/EcommerceApp/Services/ProductServiceImpl.java
----+++ b/src/main/java/com/Ecommerce/EcommerceApp/Services/ProductServiceImpl.java
----@@ -25,234 +25,212 @@ import com.Ecommerce.EcommerceApp.Repositories.ProductRepository;
---- import lombok.RequiredArgsConstructor;
---- 
---- /**
----- * Implementation of the ProductService interface for managing product
----- * operations.
----- * This service handles CRUD operations for products, including pagination,
----- * sorting,
----- * and associations with categories.
----+ * Implementation of the ProductService interface for managing product operations. This
----+ * service handles CRUD operations for products, including pagination, sorting, and
----+ * associations with categories.
----  */
---- @Service
---- @RequiredArgsConstructor
---- public class ProductServiceImpl implements ProductService {
---- 
-----    private final ProductRepository productRepository;
-----    private final ProductMapper productMapper;
-----    private final ICategoryRepository categoryRepository;
-----
-----    /**
-----     * Retrieves a paginated and sorted list of products.
-----     * 
-----     * @param pageNumber the page number (0-based)
-----     * @param pageSize   the number of products per page
-----     * @param sortBy     the field to sort by
-----     * @param sortOrder  the sort order ("asc" or "desc")
-----     * @return ProductResponseDto containing the products and pagination metadata
-----     * @throws ApiException if no products are found
-----     */
-----    @Override
-----    public ProductResponseDto getAllProducts(
-----            Integer pageNumber,
-----            Integer pageSize,
-----            String sortBy,
-----            String sortOrder) {
-----        Sort sortByAndOrder = sortOrder.equalsIgnoreCase("asc") ? Sort.by(sortBy).ascending()
-----                : Sort.by(sortBy).descending();
-----        Pageable pageDetails = PageRequest.of(pageNumber, pageSize, sortByAndOrder);
-----
-----        Page<Product> productPage = productRepository.findAll(pageDetails);
-----        List<Product> products = productPage.getContent();
-----
-----        // if (products.isEmpty() || products.size() == 0)
-----        // throw new ApiException("No Product created till now");
-----
-----        List<ProductDto> productDtoList = productMapper.toDto(products);
-----        return new ProductResponseDto(
-----                productDtoList,
-----                productPage.getNumber(),
-----                productPage.getSize(),
-----                (int) productPage.getTotalElements(),
-----                productPage.getTotalPages(),
-----                productPage.isLast()
-----
-----        );
-----
-----    }
-----
-----    /**
-----     * Retrieves a product by its ID.
-----     * 
-----     * @param id the product ID
-----     * @return ProductDto of the found product
-----     * @throws ResourceNotFoundException if the product is not found
-----     */
-----    @Override
-----    public ProductDto getProduct(Long id) {
-----        Product product = productRepository.findById(id)
-----                .orElseThrow(() -> new ResourceNotFoundException("Product", "id", id));
-----
-----        return productMapper.toDto(product);
-----    }
-----
-----    /**
-----     * Creates a new product and associates it with a category.
-----     * Calculates special price based on discount.
-----     * 
-----     * @param productDto the product data transfer object
-----     * @param categoryId the ID of the category to associate
-----     * @return ProductDto of the created product
-----     * @throws ResourceNotFoundException if the category is not found
-----     */
-----    @Override
-----    public ProductDto saveProduct(ProductDto productDto, Long categoryId) {
-----        Product product = productMapper.toEntity(productDto);
-----        Category category = categoryRepository.findById(categoryId)
-----                .orElseThrow(() -> new ResourceNotFoundException("Category", "id", categoryId));
-----
-----        boolean isProductExist = false;
-----
-----        List<Product> products = category.getProducts();
-----
-----        for (Product value : products) {
-----            if (value.getName().equals(productDto.getName())) {
-----                isProductExist = true;
-----                break;
-----            }
-----        }
-----
-----        if (!isProductExist) {
-----            product.setCategory(category);
-----            product.setImageUrl("something.png");
-----
-----            Double discount = product.getDiscount() != null ? product.getDiscount() : 0.0;
-----
-----            Double specialPrice = product.getPrice() - ((discount * 0.01) * product.getPrice());
-----            product.setSpecialPrice(specialPrice);
-----
-----            Product savedProduct = productRepository.save(product);
-----
-----            return productMapper.toDto(savedProduct);
-----
-----        } else {
-----            throw new ApiException("Product already exist");
-----        }
-----
-----    }
-----
-----    /**
-----     * Updates an existing product with new data.
-----     * 
-----     * @param id         the product ID
-----     * @param productDto the updated product data
-----     * @return ProductDto of the updated product
-----     * @throws ResourceNotFoundException if the product is not found
-----     */
-----    @Override
-----    public ProductDto updateProduct(Long id, ProductDto productDto) {
-----        Product existingProduct = productRepository.findById(id)
-----                .orElseThrow(() -> new ResourceNotFoundException("Product", "id", id));
-----
-----        existingProduct.setId(id);
-----
-----        productMapper.updateProductFromDto(productDto, existingProduct);
-----
-----        Product updatedProduct = productRepository.save(existingProduct);
-----
-----        return productMapper.toDto(updatedProduct);
-----
-----    }
-----
-----    /**
-----     * Deletes a product by its ID.
-----     * 
-----     * @param id the product ID
-----     * @return ProductDto of the deleted product
-----     * @throws ResourceNotFoundException if the product is not found
-----     */
-----    @Override
-----    public ProductDto deleteProduct(Long id) {
-----        Product existingProduct = productRepository.findById(id)
-----                .orElseThrow(() -> new ResourceNotFoundException("Product", "id", id));
----+	private final ProductRepository productRepository;
----+
----+	private final ProductMapper productMapper;
----+
----+	private final ICategoryRepository categoryRepository;
----+
----+	/**
----+	 * Retrieves a paginated and sorted list of products.
----+	 * @param pageNumber the page number (0-based)
----+	 * @param pageSize the number of products per page
----+	 * @param sortBy the field to sort by
----+	 * @param sortOrder the sort order ("asc" or "desc")
----+	 * @return ProductResponseDto containing the products and pagination metadata
----+	 * @throws ApiException if no products are found
----+	 */
----+	@Override
----+	public ProductResponseDto getAllProducts(Integer pageNumber, Integer pageSize, String sortBy, String sortOrder) {
----+		Sort sortByAndOrder = sortOrder.equalsIgnoreCase("asc") ? Sort.by(sortBy).ascending()
----+				: Sort.by(sortBy).descending();
----+		Pageable pageDetails = PageRequest.of(pageNumber, pageSize, sortByAndOrder);
----+
----+		Page<Product> productPage = productRepository.findAll(pageDetails);
----+		List<Product> products = productPage.getContent();
----+
----+		// if (products.isEmpty() || products.size() == 0)
----+		// throw new ApiException("No Product created till now");
----+
----+		List<ProductDto> productDtoList = productMapper.toDto(products);
----+		return new ProductResponseDto(productDtoList, productPage.getNumber(), productPage.getSize(),
----+				(int) productPage.getTotalElements(), productPage.getTotalPages(), productPage.isLast()
----+
----+		);
---- 
-----        productRepository.delete(existingProduct);
-----
-----        return productMapper.toDto(existingProduct);
-----
-----    }
-----
-----    @Override
-----    public ProductResponseDto getProductsByCategory(Long categoryId, Integer pageNumber, Integer pageSize,
-----            String sortBy,
-----            String sortOrder) {
----+	}
----+
----+	/**
----+	 * Retrieves a product by its ID.
----+	 * @param id the product ID
----+	 * @return ProductDto of the found product
----+	 * @throws ResourceNotFoundException if the product is not found
----+	 */
----+	@Override
----+	public ProductDto getProduct(Long id) {
----+		Product product = productRepository.findById(id)
----+			.orElseThrow(() -> new ResourceNotFoundException("Product", "id", id));
----+
----+		return productMapper.toDto(product);
----+	}
---- 
-----        Sort sortByAndOrder = sortOrder.equalsIgnoreCase("asc") ? Sort.by(sortBy).ascending()
-----                : Sort.by(sortBy).descending();
-----        Pageable pageDetails = PageRequest.of(pageNumber, pageSize, sortByAndOrder);
----+	/**
----+	 * Creates a new product and associates it with a category. Calculates special price
----+	 * based on discount.
----+	 * @param productDto the product data transfer object
----+	 * @param categoryId the ID of the category to associate
----+	 * @return ProductDto of the created product
----+	 * @throws ResourceNotFoundException if the category is not found
----+	 */
----+	@Override
----+	public ProductDto saveProduct(ProductDto productDto, Long categoryId) {
----+		Product product = productMapper.toEntity(productDto);
----+		Category category = categoryRepository.findById(categoryId)
----+			.orElseThrow(() -> new ResourceNotFoundException("Category", "id", categoryId));
---- 
-----        Category category = categoryRepository.findById(categoryId)
-----                .orElseThrow(() -> new ResourceNotFoundException("Category", "id", categoryId));
-----        // List<Product> products =
-----        // productRepository.findByCategoryOrderByPriceAsc(category);
-----        Page<Product> productPage = productRepository.findByCategoryOrderByPriceAsc(category, pageDetails);
----+		boolean isProductExist = false;
---- 
-----        List<Product> products = productPage.getContent();
----+		List<Product> products = category.getProducts();
---- 
-----        List<ProductDto> productDtoList = productMapper.toDto(products);
----+		for (Product value : products) {
----+			if (value.getName().equals(productDto.getName())) {
----+				isProductExist = true;
----+				break;
----+			}
----+		}
---- 
-----        return new ProductResponseDto(
----+		if (!isProductExist) {
----+			product.setCategory(category);
----+			product.setImageUrl("something.png");
---- 
-----                productDtoList,
-----                productPage.getNumber(),
-----                productPage.getSize(),
-----                (int) productPage.getTotalElements(),
-----                productPage.getTotalPages(),
-----                productPage.isLast()
----+			Double discount = product.getDiscount() != null ? product.getDiscount() : 0.0;
---- 
-----        );
-----    }
----+			Double specialPrice = product.getPrice() - ((discount * 0.01) * product.getPrice());
----+			product.setSpecialPrice(specialPrice);
---- 
-----    @Override
-----    public ProductResponseDto getProductsByKeyword(String keyword, Integer pageNumber, Integer pageSize, String sortBy,
-----            String sortOrder) {
----+			Product savedProduct = productRepository.save(product);
---- 
-----        Sort sortByAndOrder = sortOrder.equalsIgnoreCase("asc") ? Sort.by(sortBy).ascending()
-----                : Sort.by(sortBy).descending();
-----        Pageable pageDetails = PageRequest.of(pageNumber, pageSize, sortByAndOrder);
----+			return productMapper.toDto(savedProduct);
---- 
-----        // Category category = categoryRepository.findById(categoryId)
-----        // .orElseThrow(() -> new ResourceNotFoundException("Category", "id",
-----        // categoryId));
-----        // List<Product> products =
-----        // productRepository.findByCategoryOrderByPriceAsc(category);
-----        Page<Product> productPage = productRepository.findByNameLikeIgnoreCase("%" + keyword + "%", pageDetails);
----+		}
----+		else {
----+			throw new ApiException("Product already exist");
----+		}
---- 
-----        List<Product> products = productPage.getContent();
----+	}
---- 
-----        List<ProductDto> productDtoList = productMapper.toDto(products);
----+	/**
----+	 * Updates an existing product with new data.
----+	 * @param id the product ID
----+	 * @param productDto the updated product data
----+	 * @return ProductDto of the updated product
----+	 * @throws ResourceNotFoundException if the product is not found
----+	 */
----+	@Override
----+	public ProductDto updateProduct(Long id, ProductDto productDto) {
----+		Product existingProduct = productRepository.findById(id)
----+			.orElseThrow(() -> new ResourceNotFoundException("Product", "id", id));
---- 
-----        return new ProductResponseDto(
----+		existingProduct.setId(id);
---- 
-----                productDtoList,
-----                productPage.getNumber(),
-----                productPage.getSize(),
-----                (int) productPage.getTotalElements(),
-----                productPage.getTotalPages(),
-----                productPage.isLast()
----+		productMapper.updateProductFromDto(productDto, existingProduct);
---- 
-----        );
-----    }
----+		Product updatedProduct = productRepository.save(existingProduct);
---- 
-----    @Override
-----    public ProductDto updateProductImage(Long productId, MultipartFile image) throws IOException {
-----        Product product = productRepository.findById(productId)
-----                .orElseThrow(() -> new ResourceNotFoundException("Product", "productId", productId));
-----        // String path = "/images";
-----        String fileName = Utils.uploadImage(image);
----+		return productMapper.toDto(updatedProduct);
---- 
-----        product.setImageUrl(fileName);
----+	}
---- 
-----        Product updatedProduct = productRepository.save(product);
----+	/**
----+	 * Deletes a product by its ID.
----+	 * @param id the product ID
----+	 * @return ProductDto of the deleted product
----+	 * @throws ResourceNotFoundException if the product is not found
----+	 */
----+	@Override
----+	public ProductDto deleteProduct(Long id) {
----+		Product existingProduct = productRepository.findById(id)
----+			.orElseThrow(() -> new ResourceNotFoundException("Product", "id", id));
---- 
-----        return productMapper.toDto(updatedProduct);
-----    }
----+		productRepository.delete(existingProduct);
----+
----+		return productMapper.toDto(existingProduct);
----+
----+	}
----+
----+	@Override
----+	public ProductResponseDto getProductsByCategory(Long categoryId, Integer pageNumber, Integer pageSize,
----+			String sortBy, String sortOrder) {
----+
----+		Sort sortByAndOrder = sortOrder.equalsIgnoreCase("asc") ? Sort.by(sortBy).ascending()
----+				: Sort.by(sortBy).descending();
----+		Pageable pageDetails = PageRequest.of(pageNumber, pageSize, sortByAndOrder);
----+
----+		Category category = categoryRepository.findById(categoryId)
----+			.orElseThrow(() -> new ResourceNotFoundException("Category", "id", categoryId));
----+		// List<Product> products =
----+		// productRepository.findByCategoryOrderByPriceAsc(category);
----+		Page<Product> productPage = productRepository.findByCategoryOrderByPriceAsc(category, pageDetails);
----+
----+		List<Product> products = productPage.getContent();
----+
----+		List<ProductDto> productDtoList = productMapper.toDto(products);
----+
----+		return new ProductResponseDto(
----+
----+				productDtoList, productPage.getNumber(), productPage.getSize(), (int) productPage.getTotalElements(),
----+				productPage.getTotalPages(), productPage.isLast()
----+
----+		);
----+	}
----+
----+	@Override
----+	public ProductResponseDto getProductsByKeyword(String keyword, Integer pageNumber, Integer pageSize, String sortBy,
----+			String sortOrder) {
----+
----+		Sort sortByAndOrder = sortOrder.equalsIgnoreCase("asc") ? Sort.by(sortBy).ascending()
----+				: Sort.by(sortBy).descending();
----+		Pageable pageDetails = PageRequest.of(pageNumber, pageSize, sortByAndOrder);
----+
----+		// Category category = categoryRepository.findById(categoryId)
----+		// .orElseThrow(() -> new ResourceNotFoundException("Category", "id",
----+		// categoryId));
----+		// List<Product> products =
----+		// productRepository.findByCategoryOrderByPriceAsc(category);
----+		Page<Product> productPage = productRepository.findByNameLikeIgnoreCase("%" + keyword + "%", pageDetails);
----+
----+		List<Product> products = productPage.getContent();
----+
----+		List<ProductDto> productDtoList = productMapper.toDto(products);
----+
----+		return new ProductResponseDto(
----+
----+				productDtoList, productPage.getNumber(), productPage.getSize(), (int) productPage.getTotalElements(),
----+				productPage.getTotalPages(), productPage.isLast()
----+
----+		);
----+	}
----+
----+	@Override
----+	public ProductDto updateProductImage(Long productId, MultipartFile image) throws IOException {
----+		Product product = productRepository.findById(productId)
----+			.orElseThrow(() -> new ResourceNotFoundException("Product", "productId", productId));
----+		// String path = "/images";
----+		String fileName = Utils.uploadImage(image);
----+
----+		product.setImageUrl(fileName);
----+
----+		Product updatedProduct = productRepository.save(product);
----+
----+		return productMapper.toDto(updatedProduct);
----+	}
---- 
---- }
---diff --git a/pom.xml b/pom.xml
---index e9b1954..a6c33d1 100644
------ a/pom.xml
---+++ b/pom.xml
---@@ -34,6 +34,14 @@
--- 		<org.mapstruct.version>1.6.3</org.mapstruct.version>
--- 	</properties>
--- 	<dependencies>
---+		<dependency>
---+			<groupId>org.springframework.boot</groupId>
---+			<artifactId>spring-boot-starter-data-redis</artifactId>
---+		</dependency>
---+		<dependency>
---+			<groupId>org.springframework.boot</groupId>
---+			<artifactId>spring-boot-starter-session-data-redis</artifactId>
---+		</dependency>
--- 		<!-- https://mvnrepository.com/artifact/io.jsonwebtoken/jjwt-jackson -->
--- 		<dependency>
--- 			<groupId>io.jsonwebtoken</groupId>
---@@ -89,15 +97,7 @@
--- 			<artifactId>spring-boot-starter-webmvc-test</artifactId>
--- 			<scope>test</scope>
--- 		</dependency>
----		<!-- <dependency>
----			<groupId>com.h2database</groupId>
----			<artifactId>h2</artifactId>
----			<scope>runtime</scope>
----		</dependency> -->
----		<!-- <dependency>
----			<groupId>org.springframework.boot</groupId>
----			<artifactId>spring-boot-h2console</artifactId>
----		</dependency> -->
---+
--- 		<dependency>
--- 			<groupId>org.springframework.boot</groupId>
--- 			<artifactId>spring-boot-starter-validation</artifactId>
---@@ -123,6 +123,16 @@
--- 			<artifactId>spring-boot-starter-security-test</artifactId>
--- 			<scope>test</scope>
--- 		</dependency>
---+		<dependency>
---+			<groupId>org.springframework.boot</groupId>
---+			<artifactId>spring-boot-starter-session-data-redis-test</artifactId>
---+			<scope>test</scope>
---+		</dependency>
---+		<dependency>
---+			<groupId>org.springframework.boot</groupId>
---+			<artifactId>spring-boot-starter-data-redis-test</artifactId>
---+			<scope>test</scope>
---+		</dependency>
--- 	</dependencies>
--- 
--- 	<build>
---diff --git a/src/main/java/com/Ecommerce/EcommerceApp/EcommerceAppApplication.java b/src/main/java/com/Ecommerce/EcommerceApp/EcommerceAppApplication.java
---index 66835db..18595da 100644
------ a/src/main/java/com/Ecommerce/EcommerceApp/EcommerceAppApplication.java
---+++ b/src/main/java/com/Ecommerce/EcommerceApp/EcommerceAppApplication.java
---@@ -2,8 +2,10 @@ package com.Ecommerce.EcommerceApp;
--- 
--- import org.springframework.boot.SpringApplication;
--- import org.springframework.boot.autoconfigure.SpringBootApplication;
---+import org.springframework.cache.annotation.EnableCaching;
--- 
--- @SpringBootApplication
---+@EnableCaching
--- public class EcommerceAppApplication {
--- 
--- 	public static void main(String[] args) {
---diff --git a/src/main/java/com/Ecommerce/EcommerceApp/Models/Category.java b/src/main/java/com/Ecommerce/EcommerceApp/Models/Category.java
---index 64c7f58..eaee018 100644
------ a/src/main/java/com/Ecommerce/EcommerceApp/Models/Category.java
---+++ b/src/main/java/com/Ecommerce/EcommerceApp/Models/Category.java
---@@ -1,5 +1,6 @@
--- package com.Ecommerce.EcommerceApp.Models;
--- 
---+import java.io.Serializable;
--- import java.time.LocalDateTime;
--- import java.util.List;
--- 
---@@ -22,7 +23,7 @@ import lombok.NoArgsConstructor;
--- @Data
--- @NoArgsConstructor
--- @AllArgsConstructor
----public class Category {
---+public class Category implements Serializable {
--- 
--- 	@Id
--- 	@GeneratedValue(strategy = GenerationType.IDENTITY)
---diff --git a/src/main/java/com/Ecommerce/EcommerceApp/Models/Product.java b/src/main/java/com/Ecommerce/EcommerceApp/Models/Product.java
---index f2dbd61..d3c1c27 100644
------ a/src/main/java/com/Ecommerce/EcommerceApp/Models/Product.java
---+++ b/src/main/java/com/Ecommerce/EcommerceApp/Models/Product.java
---@@ -1,5 +1,6 @@
--- package com.Ecommerce.EcommerceApp.Models;
--- 
---+import java.io.Serializable;
--- import java.time.LocalDateTime;
--- 
--- import org.hibernate.annotations.CreationTimestamp;
---@@ -25,7 +26,7 @@ import lombok.ToString;
--- @AllArgsConstructor
--- @NoArgsConstructor
--- @ToString
----public class Product {
---+public class Product implements Serializable {
--- 
--- 	@Id
--- 	@GeneratedValue(strategy = GenerationType.AUTO)
---diff --git a/src/main/java/com/Ecommerce/EcommerceApp/Models/Role.java b/src/main/java/com/Ecommerce/EcommerceApp/Models/Role.java
---index c525416..61cf876 100644
------ a/src/main/java/com/Ecommerce/EcommerceApp/Models/Role.java
---+++ b/src/main/java/com/Ecommerce/EcommerceApp/Models/Role.java
---@@ -30,4 +30,8 @@ public class Role {
--- 	@Enumerated(EnumType.STRING)
--- 	private AppRole roleName;
--- 
---+	public Role(AppRole roleName) {
---+		this.roleName = roleName;
---+	}
---+
--- }
---diff --git a/src/main/java/com/Ecommerce/EcommerceApp/Models/User.java b/src/main/java/com/Ecommerce/EcommerceApp/Models/User.java
---index e5c3d3c..f8e2d41 100644
------ a/src/main/java/com/Ecommerce/EcommerceApp/Models/User.java
---+++ b/src/main/java/com/Ecommerce/EcommerceApp/Models/User.java
---@@ -1,5 +1,6 @@
--- package com.Ecommerce.EcommerceApp.Models;
--- 
---+import java.io.Serializable;
--- import java.util.ArrayList;
--- import java.util.HashSet;
--- import java.util.List;
---@@ -32,7 +33,7 @@ import lombok.ToString;
--- @AllArgsConstructor
--- @Table(name = "users",
--- 		uniqueConstraints = { @UniqueConstraint(columnNames = "username"), @UniqueConstraint(columnNames = "email") })
----public class User {
---+public class User implements Serializable {
--- 
--- 	@Id
--- 	@GeneratedValue(strategy = GenerationType.AUTO)
---diff --git a/src/main/java/com/Ecommerce/EcommerceApp/Security/DTOs/LoginRequestDTO.java b/src/main/java/com/Ecommerce/EcommerceApp/Security/DTOs/LoginRequestDTO.java
---index 689a76f..5df72d6 100644
------ a/src/main/java/com/Ecommerce/EcommerceApp/Security/DTOs/LoginRequestDTO.java
---+++ b/src/main/java/com/Ecommerce/EcommerceApp/Security/DTOs/LoginRequestDTO.java
---@@ -6,7 +6,6 @@ import lombok.NoArgsConstructor;
--- 
--- @Data
--- @AllArgsConstructor
----@NoArgsConstructor
--- public class LoginRequestDTO {
--- 
--- 	private String username;
---diff --git a/src/main/java/com/Ecommerce/EcommerceApp/Security/Jwt/AuthTokenFilter.java b/src/main/java/com/Ecommerce/EcommerceApp/Security/Jwt/AuthTokenFilter.java
---index 97b2ac3..c2afde3 100644
------ a/src/main/java/com/Ecommerce/EcommerceApp/Security/Jwt/AuthTokenFilter.java
---+++ b/src/main/java/com/Ecommerce/EcommerceApp/Security/Jwt/AuthTokenFilter.java
---@@ -12,6 +12,8 @@ import org.springframework.security.web.authentication.WebAuthenticationDetailsS
--- import org.springframework.stereotype.Component;
--- import org.springframework.web.filter.OncePerRequestFilter;
--- 
---+import com.Ecommerce.EcommerceApp.Security.services.UserDetailsServiceImpl;
---+
--- import jakarta.servlet.FilterChain;
--- import jakarta.servlet.ServletException;
--- import jakarta.servlet.http.HttpServletRequest;
---@@ -26,7 +28,7 @@ public class AuthTokenFilter extends OncePerRequestFilter {
--- 	private JwtUtils jwtUtils;
--- 
--- 	@Autowired
----	private UserDetailsService userDetailsService;
---+	private UserDetailsServiceImpl userDetailsService;
--- 
--- 	@Override
--- 	protected void doFilterInternal(HttpServletRequest request, HttpServletResponse response, FilterChain filterChain)
---diff --git a/src/main/java/com/Ecommerce/EcommerceApp/Security/config/SecurityConfig.java b/src/main/java/com/Ecommerce/EcommerceApp/Security/config/SecurityConfig.java
---index 1e32cc7..39f2b82 100644
------ a/src/main/java/com/Ecommerce/EcommerceApp/Security/config/SecurityConfig.java
---+++ b/src/main/java/com/Ecommerce/EcommerceApp/Security/config/SecurityConfig.java
---@@ -1,6 +1,9 @@
--- package com.Ecommerce.EcommerceApp.Security.config;
--- 
---+import java.util.Set;
---+
--- import org.springframework.beans.factory.annotation.Autowired;
---+import org.springframework.boot.CommandLineRunner;
--- import org.springframework.context.annotation.Bean;
--- import org.springframework.context.annotation.Configuration;
--- import org.springframework.security.authentication.AuthenticationManager;
---@@ -15,6 +18,11 @@ import org.springframework.security.crypto.password.PasswordEncoder;
--- import org.springframework.security.web.SecurityFilterChain;
--- import org.springframework.security.web.authentication.UsernamePasswordAuthenticationFilter;
--- 
---+import com.Ecommerce.EcommerceApp.Models.AppRole;
---+import com.Ecommerce.EcommerceApp.Models.Role;
---+import com.Ecommerce.EcommerceApp.Models.User;
---+import com.Ecommerce.EcommerceApp.Repositories.RoleRepository;
---+import com.Ecommerce.EcommerceApp.Repositories.UserRepository;
--- import com.Ecommerce.EcommerceApp.Security.Jwt.AuthEntryPointJwt;
--- import com.Ecommerce.EcommerceApp.Security.Jwt.AuthTokenFilter;
--- import com.Ecommerce.EcommerceApp.Security.services.UserDetailsServiceImpl;
---@@ -51,9 +59,9 @@ public class SecurityConfig {
--- 			.permitAll()
--- 			.requestMatchers("/v3/api-docs/**")
--- 			.permitAll()
----			.requestMatchers("api/v1/products/public/**")
---+			.requestMatchers("/api/v1/products/public/**")
--- 			.permitAll()
----			.requestMatchers("api/v1/public/**")
---+			.requestMatchers("/api/v1/public/**")
--- 			.permitAll()
--- 			.requestMatchers("/api/v1/admin/**")
--- 			.permitAll()
---@@ -72,6 +80,7 @@ public class SecurityConfig {
--- 			.addFilterBefore(authenticationJwtTokenFilter(), UsernamePasswordAuthenticationFilter.class);
--- 
--- 		http.authenticationProvider(authenticationProvider());
---+		http.headers(headers -> headers.frameOptions(frameOptions -> frameOptions.sameOrigin()));
--- 
--- 		return http.build();
--- 
---@@ -113,10 +122,68 @@ public class SecurityConfig {
--- 		return builder.getAuthenticationManager();
--- 	}
--- 
---+	@Bean
--- 	public WebSecurityCustomizer webSecurityCustomizer() {
--- 		return (web -> web.ignoring()
--- 			.requestMatchers("/v2/api-docs", "/configuration/ui", "/swagger-resources/**", "/configuration/security",
--- 					"/swagger-ui.html", "/webjars/**"));
--- 	}
--- 
---+	@Bean
---+	public CommandLineRunner initData(RoleRepository roleRepository, UserRepository userRepository,
---+			PasswordEncoder passwordEncoder) {
---+		return args -> {
---+			Role userRole = roleRepository.findByRoleName(AppRole.ROLE_USER).orElseGet(() -> {
---+				Role newUserRole = new Role(AppRole.ROLE_USER);
---+				return roleRepository.save(newUserRole);
---+
---+			});
---+
---+			Role sellerRole = roleRepository.findByRoleName(AppRole.ROLE_SELLER).orElseGet(() -> {
---+				Role newSellerRole = new Role(AppRole.ROLE_SELLER);
---+				return roleRepository.save(newSellerRole);
---+
---+			});
---+
---+			Role adminRole = roleRepository.findByRoleName(AppRole.ROLE_ADMIN).orElseGet(() -> {
---+				Role newAdminRole = new Role(AppRole.ROLE_ADMIN);
---+				return roleRepository.save(newAdminRole);
---+
---+			});
---+
---+			Set<Role> userRoles = Set.of(userRole);
---+			Set<Role> sellerRoles = Set.of(sellerRole);
---+			Set<Role> adminRoles = Set.of(adminRole);
---+
---+			if (!userRepository.existsByUsername("user1")) {
---+				User user1 = new User("user1", "user1@example.com", passwordEncoder.encode("password"));
---+				userRepository.save(user1);
---+			}
---+
---+			if (!userRepository.existsByUsername("admin")) {
---+				User admin = new User("admin", "admin@example.com", passwordEncoder.encode("adminPass"));
---+				userRepository.save(admin);
---+			}
---+
---+			userRepository.findByUsername("user1").ifPresent(user -> {
---+				System.out.println("Role user password " + user.getPassword());
---+				user.setRoles(userRoles);
---+				userRepository.save(user);
---+			});
---+
---+			userRepository.findByUsername("admin").ifPresent(admin -> {
---+				System.out.println("Role admin password " + admin.getPassword());
---+				admin.setRoles(adminRoles);
---+				userRepository.save(admin);
---+			});
---+
---+			userRepository.findByUsername("seller1").ifPresent(seller -> {
---+				System.out.println("Role seller password " + seller.getPassword());
---+				seller.setRoles(sellerRoles);
---+				userRepository.save(seller);
---+			});
---+
---+		};
---+	}
---+
--- }
---diff --git a/src/main/java/com/Ecommerce/EcommerceApp/Security/services/UserDetailsImpl.java b/src/main/java/com/Ecommerce/EcommerceApp/Security/services/UserDetailsImpl.java
---index 0b2b477..43574a9 100644
------ a/src/main/java/com/Ecommerce/EcommerceApp/Security/services/UserDetailsImpl.java
---+++ b/src/main/java/com/Ecommerce/EcommerceApp/Security/services/UserDetailsImpl.java
---@@ -48,7 +48,7 @@ public class UserDetailsImpl implements UserDetails {
--- 			.stream()
--- 			.map(role -> new SimpleGrantedAuthority(role.getRoleName().name()))
--- 			.collect(Collectors.toList());
----		return new UserDetailsImpl(user.getUserId(), user.getUsername(), user.getPassword(), user.getEmail(),
---+		return new UserDetailsImpl(user.getUserId(), user.getUsername(), user.getEmail(), user.getPassword(),
--- 				authorities);
--- 	}
--- 
---diff --git a/src/main/java/com/Ecommerce/EcommerceApp/Services/AuthServiceImpl.java b/src/main/java/com/Ecommerce/EcommerceApp/Services/AuthServiceImpl.java
---index ff4983e..d38f0ed 100644
------ a/src/main/java/com/Ecommerce/EcommerceApp/Services/AuthServiceImpl.java
---+++ b/src/main/java/com/Ecommerce/EcommerceApp/Services/AuthServiceImpl.java
---@@ -113,7 +113,7 @@ public class AuthServiceImpl implements AuthService {
--- 						break;
--- 
--- 					case "seller":
----						Role sellerRole = roleRepository.findByRoleName(AppRole.ROLE_ADMIN)
---+						Role sellerRole = roleRepository.findByRoleName(AppRole.ROLE_SELLER)
--- 							.orElseThrow(() -> new RuntimeException("Error: Role is not found"));
--- 
--- 						roles.add(sellerRole);
---diff --git a/src/main/java/com/Ecommerce/EcommerceApp/Services/CategoryService.java b/src/main/java/com/Ecommerce/EcommerceApp/Services/CategoryService.java
---index a35f924..b84115e 100644
------ a/src/main/java/com/Ecommerce/EcommerceApp/Services/CategoryService.java
---+++ b/src/main/java/com/Ecommerce/EcommerceApp/Services/CategoryService.java
---@@ -1,6 +1,10 @@
--- package com.Ecommerce.EcommerceApp.Services;
--- 
--- import java.util.List;
---+
---+import org.springframework.cache.annotation.CacheEvict;
---+import org.springframework.cache.annotation.Cacheable;
---+import org.springframework.cache.annotation.Caching;
--- import org.springframework.data.domain.Page;
--- import org.springframework.data.domain.PageRequest;
--- import org.springframework.data.domain.Pageable;
---@@ -36,6 +40,8 @@ public class CategoryService implements ICategoryService {
--- 	private final CategoryMapper categoryMapper;
--- 
--- 	@Override
---+	@Cacheable(value = "ecommerce::categoryList", key = "{#pageNumber, #pageSize, #sortBy, #sortOrder}",
---+			unless = "#result.data.size() == 0")
--- 	public CategoryResponseDto getAllCategories(Integer pageNumber, Integer pageSize, String sortBy, String sortOrder) {
--- 		Sort sortByAndOrder = sortOrder.equalsIgnoreCase("asc") ? Sort.by(sortBy).ascending()
--- 				: Sort.by(sortBy).descending();
---@@ -55,6 +61,7 @@ public class CategoryService implements ICategoryService {
--- 	}
--- 
--- 	@Override
---+	@CacheEvict(value = "ecommerce::categoryList", allEntries = true)
--- 	public CategoryDto createCategory(CategoryDto categoryDto) {
--- 		// category.setId(nextId++);
--- 
---@@ -77,6 +84,8 @@ public class CategoryService implements ICategoryService {
--- 	}
--- 
--- 	@Override
---+	@Caching(evict = { @CacheEvict(value = "ecommerce::categoryList", allEntries = true),
---+			@CacheEvict(value = "ecommerce::categoryById", key = "#categoryId") })
--- 	public CategoryDto deleteCategory(Long categoryId) {
--- 
--- 		Category category = categoryRepo.findById(categoryId)
---@@ -89,6 +98,8 @@ public class CategoryService implements ICategoryService {
--- 	}
--- 
--- 	@Override
---+	@Caching(evict = { @CacheEvict(value = "ecommerce::categoryList", allEntries = true),
---+			@CacheEvict(value = "ecommerce::categoryById", key = "#categoryId") })
--- 	public CategoryDto updateCategory(Long categoryId, CategoryDto updatedCategoryDto) {
--- 
--- 		if (updatedCategoryDto == null) {
---diff --git a/src/main/java/com/Ecommerce/EcommerceApp/Services/ProductServiceImpl.java b/src/main/java/com/Ecommerce/EcommerceApp/Services/ProductServiceImpl.java
---index 3ccb494..f6213be 100644
------ a/src/main/java/com/Ecommerce/EcommerceApp/Services/ProductServiceImpl.java
---+++ b/src/main/java/com/Ecommerce/EcommerceApp/Services/ProductServiceImpl.java
---@@ -3,6 +3,11 @@ package com.Ecommerce.EcommerceApp.Services;
--- import java.io.IOException;
--- import java.util.List;
--- 
---+import org.hibernate.annotations.Cache;
---+import org.springframework.cache.annotation.CacheEvict;
---+import org.springframework.cache.annotation.CachePut;
---+import org.springframework.cache.annotation.Cacheable;
---+import org.springframework.cache.annotation.Caching;
--- import org.springframework.data.domain.Page;
--- import org.springframework.data.domain.PageRequest;
--- import org.springframework.data.domain.Pageable;
---@@ -49,6 +54,8 @@ public class ProductServiceImpl implements ProductService {
--- 	 * @throws ApiException if no products are found
--- 	 */
--- 	@Override
---+	@Cacheable(value = "ecommerce::productList", key = "{#pageNumber, #pageSize, #sortBy, #sortOrder}",
---+			unless = "#result.data.size() == 0")
--- 	public ProductResponseDto getAllProducts(Integer pageNumber, Integer pageSize, String sortBy, String sortOrder) {
--- 		Sort sortByAndOrder = sortOrder.equalsIgnoreCase("asc") ? Sort.by(sortBy).ascending()
--- 				: Sort.by(sortBy).descending();
---@@ -75,6 +82,7 @@ public class ProductServiceImpl implements ProductService {
--- 	 * @throws ResourceNotFoundException if the product is not found
--- 	 */
--- 	@Override
---+	@Cacheable(value = "ecommerce::productById", key = "#id")
--- 	public ProductDto getProduct(Long id) {
--- 		Product product = productRepository.findById(id)
--- 			.orElseThrow(() -> new ResourceNotFoundException("Product", "id", id));
---@@ -91,6 +99,7 @@ public class ProductServiceImpl implements ProductService {
--- 	 * @throws ResourceNotFoundException if the category is not found
--- 	 */
--- 	@Override
---+	@CacheEvict(value = "ecommerce::productList", allEntries = true)
--- 	public ProductDto saveProduct(ProductDto productDto, Long categoryId) {
--- 		Product product = productMapper.toEntity(productDto);
--- 		Category category = categoryRepository.findById(categoryId)
---@@ -135,6 +144,10 @@ public class ProductServiceImpl implements ProductService {
--- 	 * @throws ResourceNotFoundException if the product is not found
--- 	 */
--- 	@Override
---+	@Caching(evict = { @CacheEvict(value = "ecommerce::productById", key = "#id"),
---+			@CacheEvict(value = "ecommerce::productList", allEntries = true)
---+
---+	})
--- 	public ProductDto updateProduct(Long id, ProductDto productDto) {
--- 		Product existingProduct = productRepository.findById(id)
--- 			.orElseThrow(() -> new ResourceNotFoundException("Product", "id", id));
---@@ -156,6 +169,7 @@ public class ProductServiceImpl implements ProductService {
--- 	 * @throws ResourceNotFoundException if the product is not found
--- 	 */
--- 	@Override
---+	@CacheEvict(value = "ecommerce::productById", key = "#id")
--- 	public ProductDto deleteProduct(Long id) {
--- 		Product existingProduct = productRepository.findById(id)
--- 			.orElseThrow(() -> new ResourceNotFoundException("Product", "id", id));
---@@ -167,6 +181,8 @@ public class ProductServiceImpl implements ProductService {
--- 	}
--- 
--- 	@Override
---+	@Cacheable(value = "ecommerce::productListByCategory",
---+			key = "{#categoryId, #pageNumber, #pageSize, #sortBy, #sortOrder}", unless = "#result.data.size() == 0")
--- 	public ProductResponseDto getProductsByCategory(Long categoryId, Integer pageNumber, Integer pageSize,
--- 			String sortBy, String sortOrder) {
--- 
---@@ -193,6 +209,11 @@ public class ProductServiceImpl implements ProductService {
--- 	}
--- 
--- 	@Override
---+	// @Cacheable(
---+	// value = "ecommerce::productList",
---+	// key = "{#pageNumber, #pageSize, #sortBy, #sortOrder}",
---+	// unless = "#result.data.size() == 0"
---+	// )
--- 	public ProductResponseDto getProductsByKeyword(String keyword, Integer pageNumber, Integer pageSize, String sortBy,
--- 			String sortOrder) {
--- 
---@@ -220,6 +241,7 @@ public class ProductServiceImpl implements ProductService {
--- 	}
--- 
--- 	@Override
---+	@CacheEvict(value = "ecommerce::productList", allEntries = true)
--- 	public ProductDto updateProductImage(Long productId, MultipartFile image) throws IOException {
--- 		Product product = productRepository.findById(productId)
--- 			.orElseThrow(() -> new ResourceNotFoundException("Product", "productId", productId));
---diff --git a/src/main/resources/application.properties b/src/main/resources/application.properties
---index 2060e87..707e2ff 100644
------ a/src/main/resources/application.properties
---+++ b/src/main/resources/application.properties
---@@ -21,6 +21,22 @@ spring.app.jwtSecret=thOh6wCuAawZYZGbgFrR6OuYzxFjGPbjcieTz2MiAwnPhoGkbaYBRYvUAt5
--- 
--- spring.app.jwtExpirationMs=3000000
--- 
----~
----❯
---+spring.data.redis.host=localhost
---+spring.data.redis.port=6379
---+
---+logging.level.org.springframework.security=TRACE
---+logging.level.org.springframework.security.authentication=DEBUG
---+logging.level.org.springframework.security.authentication.dao.DaoAuthenticationProvider=DEBUG
---+logging.level.org.springframework.security.crypto.bcrypt=DEBUG
---+
---+logging.level.com.Ecommerce.EcommerceApp=DEBUG
---+logging.level.com.Ecommerce.EcommerceApp.Security=DEBUG
---+logging.level.com.Ecommerce.EcommerceApp.Services=DEBUG
---+
---+
---+
---+
---+
---+
---+
--- 
--diff --git a/pom.xml b/pom.xml
--index a6c33d1..a7f570c 100644
----- a/pom.xml
--+++ b/pom.xml
--@@ -76,12 +76,12 @@
-- 		</dependency>
-- 
-- 
---		<dependency>
--+		<!-- <dependency>
-- 			<groupId>org.springframework.boot</groupId>
-- 			<artifactId>spring-boot-devtools</artifactId>
-- 			<scope>runtime</scope>
-- 			<optional>true</optional>
---		</dependency>
--+		</dependency> -->
-- 		<dependency>
-- 			<groupId>org.projectlombok</groupId>
-- 			<artifactId>lombok</artifactId>
--diff --git a/src/main/java/com/Ecommerce/EcommerceApp/Controllers/AuthController.java b/src/main/java/com/Ecommerce/EcommerceApp/Controllers/AuthController.java
--index f9d6c1c..1f89351 100644
----- a/src/main/java/com/Ecommerce/EcommerceApp/Controllers/AuthController.java
--+++ b/src/main/java/com/Ecommerce/EcommerceApp/Controllers/AuthController.java
--@@ -13,6 +13,7 @@ import com.Ecommerce.EcommerceApp.Interfaces.AuthService;
-- import com.Ecommerce.EcommerceApp.Security.DTOs.LoginRequestDTO;
-- import com.Ecommerce.EcommerceApp.Security.DTOs.LoginResponseDTO;
-- 
--+import jakarta.validation.Valid;
-- import lombok.RequiredArgsConstructor;
-- 
-- /**
--@@ -36,7 +37,7 @@ public class AuthController {
-- 	}
-- 
-- 	@PostMapping("/sign-up")
---	public ResponseEntity<MessageResponseDTO> signUp(@RequestBody SignUpRequestDTO requestDTO) {
--+	public ResponseEntity<MessageResponseDTO> signUp(@Valid @RequestBody SignUpRequestDTO requestDTO) {
-- 		MessageResponseDTO messageDTO = authService.signUp(requestDTO);
-- 
-- 		return new ResponseEntity<>(messageDTO, HttpStatus.CREATED);
--diff --git a/src/main/java/com/Ecommerce/EcommerceApp/Dtos/CategoryDto.java b/src/main/java/com/Ecommerce/EcommerceApp/Dtos/CategoryDto.java
--index 5ed00c7..7f2a05a 100644
----- a/src/main/java/com/Ecommerce/EcommerceApp/Dtos/CategoryDto.java
--+++ b/src/main/java/com/Ecommerce/EcommerceApp/Dtos/CategoryDto.java
--@@ -1,5 +1,7 @@
-- package com.Ecommerce.EcommerceApp.Dtos;
-- 
--+import java.io.Serializable;
--+
-- import lombok.AllArgsConstructor;
-- import lombok.Getter;
-- import lombok.NoArgsConstructor;
--@@ -9,7 +11,7 @@ import lombok.Setter;
-- @Setter
-- @NoArgsConstructor
-- @AllArgsConstructor
---public class CategoryDto {
--+public class CategoryDto  implements Serializable {
-- 
-- 	Long id;
-- 
--diff --git a/src/main/java/com/Ecommerce/EcommerceApp/Dtos/CategoryResponseDto.java b/src/main/java/com/Ecommerce/EcommerceApp/Dtos/CategoryResponseDto.java
--index 67de1e8..9b34137 100644
----- a/src/main/java/com/Ecommerce/EcommerceApp/Dtos/CategoryResponseDto.java
--+++ b/src/main/java/com/Ecommerce/EcommerceApp/Dtos/CategoryResponseDto.java
--@@ -1,5 +1,6 @@
-- package com.Ecommerce.EcommerceApp.Dtos;
-- 
--+import java.io.Serializable;
-- import java.util.List;
-- 
-- import lombok.AllArgsConstructor;
--@@ -9,7 +10,7 @@ import lombok.NoArgsConstructor;
-- @Data
-- @NoArgsConstructor
-- @AllArgsConstructor
---public class CategoryResponseDto {
--+public class CategoryResponseDto implements Serializable {
-- 
-- 	private List<CategoryDto> data;
-- 
--diff --git a/src/main/java/com/Ecommerce/EcommerceApp/Dtos/ProductDto.java b/src/main/java/com/Ecommerce/EcommerceApp/Dtos/ProductDto.java
--index 5ab1889..764fe7d 100644
----- a/src/main/java/com/Ecommerce/EcommerceApp/Dtos/ProductDto.java
--+++ b/src/main/java/com/Ecommerce/EcommerceApp/Dtos/ProductDto.java
--@@ -1,5 +1,7 @@
-- package com.Ecommerce.EcommerceApp.Dtos;
-- 
--+import java.io.Serializable;
--+
-- import com.Ecommerce.EcommerceApp.Models.User;
-- 
-- import lombok.AllArgsConstructor;
--@@ -11,7 +13,7 @@ import lombok.Setter;
-- @Setter
-- @AllArgsConstructor
-- @NoArgsConstructor
---public class ProductDto {
--+public class ProductDto implements Serializable {
-- 
-- 	private Long id;
-- 
--diff --git a/src/main/java/com/Ecommerce/EcommerceApp/Dtos/ProductResponseDto.java b/src/main/java/com/Ecommerce/EcommerceApp/Dtos/ProductResponseDto.java
--index 885ca54..a52e9b9 100644
----- a/src/main/java/com/Ecommerce/EcommerceApp/Dtos/ProductResponseDto.java
--+++ b/src/main/java/com/Ecommerce/EcommerceApp/Dtos/ProductResponseDto.java
--@@ -1,5 +1,6 @@
-- package com.Ecommerce.EcommerceApp.Dtos;
-- 
--+import java.io.Serializable;
-- import java.util.List;
-- 
-- import lombok.AllArgsConstructor;
--@@ -11,7 +12,7 @@ import lombok.Setter;
-- @Getter
-- @AllArgsConstructor
-- @NoArgsConstructor
---public class ProductResponseDto {
--+public class ProductResponseDto implements Serializable {
-- 
-- 	private List<ProductDto> data;
-- 
--diff --git a/src/main/java/com/Ecommerce/EcommerceApp/Security/DTOs/LoginRequestDTO.java b/src/main/java/com/Ecommerce/EcommerceApp/Security/DTOs/LoginRequestDTO.java
--index 5df72d6..b9e3bea 100644
----- a/src/main/java/com/Ecommerce/EcommerceApp/Security/DTOs/LoginRequestDTO.java
--+++ b/src/main/java/com/Ecommerce/EcommerceApp/Security/DTOs/LoginRequestDTO.java
--@@ -2,7 +2,6 @@ package com.Ecommerce.EcommerceApp.Security.DTOs;
-- 
-- import lombok.AllArgsConstructor;
-- import lombok.Data;
---import lombok.NoArgsConstructor;
-- 
-- @Data
-- @AllArgsConstructor
--diff --git a/src/main/java/com/Ecommerce/EcommerceApp/Security/Jwt/AuthTokenFilter.java b/src/main/java/com/Ecommerce/EcommerceApp/Security/Jwt/AuthTokenFilter.java
--index c2afde3..6703423 100644
----- a/src/main/java/com/Ecommerce/EcommerceApp/Security/Jwt/AuthTokenFilter.java
--+++ b/src/main/java/com/Ecommerce/EcommerceApp/Security/Jwt/AuthTokenFilter.java
--@@ -6,8 +6,6 @@ import org.springframework.beans.factory.annotation.Autowired;
-- import org.springframework.security.authentication.UsernamePasswordAuthenticationToken;
-- import org.springframework.security.core.context.SecurityContextHolder;
-- import org.springframework.security.core.userdetails.UserDetails;
---import org.springframework.security.core.userdetails.UserDetailsService;
---
-- import org.springframework.security.web.authentication.WebAuthenticationDetailsSource;
-- import org.springframework.stereotype.Component;
-- import org.springframework.web.filter.OncePerRequestFilter;
--diff --git a/src/main/java/com/Ecommerce/EcommerceApp/Security/config/SecurityConfig.java b/src/main/java/com/Ecommerce/EcommerceApp/Security/config/SecurityConfig.java
--index 39f2b82..a3dda2a 100644
----- a/src/main/java/com/Ecommerce/EcommerceApp/Security/config/SecurityConfig.java
--+++ b/src/main/java/com/Ecommerce/EcommerceApp/Security/config/SecurityConfig.java
--@@ -59,10 +59,9 @@ public class SecurityConfig {
-- 			.permitAll()
-- 			.requestMatchers("/v3/api-docs/**")
-- 			.permitAll()
---			.requestMatchers("/api/v1/products/public/**")
---			.permitAll()
---			.requestMatchers("/api/v1/public/**")
--+			.requestMatchers("/error/**")
-- 			.permitAll()
--+			
-- 			.requestMatchers("/api/v1/admin/**")
-- 			.permitAll()
-- 			.requestMatchers("/images/**")
--diff --git a/src/main/java/com/Ecommerce/EcommerceApp/Services/ProductServiceImpl.java b/src/main/java/com/Ecommerce/EcommerceApp/Services/ProductServiceImpl.java
--index f6213be..a1f748b 100644
----- a/src/main/java/com/Ecommerce/EcommerceApp/Services/ProductServiceImpl.java
--+++ b/src/main/java/com/Ecommerce/EcommerceApp/Services/ProductServiceImpl.java
--@@ -3,9 +3,7 @@ package com.Ecommerce.EcommerceApp.Services;
-- import java.io.IOException;
-- import java.util.List;
-- 
---import org.hibernate.annotations.Cache;
-- import org.springframework.cache.annotation.CacheEvict;
---import org.springframework.cache.annotation.CachePut;
-- import org.springframework.cache.annotation.Cacheable;
-- import org.springframework.cache.annotation.Caching;
-- import org.springframework.data.domain.Page;
--@@ -169,7 +167,12 @@ public class ProductServiceImpl implements ProductService {
-- 	 * @throws ResourceNotFoundException if the product is not found
-- 	 */
-- 	@Override
---	@CacheEvict(value = "ecommerce::productById", key = "#id")
--+	// @CacheEvict(value = "ecommerce::productById", key = "#id")
--+	@Caching(evict = { @CacheEvict(value = "ecommerce::productById", key = "#id"),
--+			@CacheEvict(value = "ecommerce::productList", allEntries = true),
--+			@CacheEvict(value = "ecommerce::productListByCategory", allEntries = true),
--+
--+	})
-- 	public ProductDto deleteProduct(Long id) {
-- 		Product existingProduct = productRepository.findById(id)
-- 			.orElseThrow(() -> new ResourceNotFoundException("Product", "id", id));
--diff --git a/src/main/java/com/Ecommerce/EcommerceApp/config/RedisCacheConfig.java b/src/main/java/com/Ecommerce/EcommerceApp/config/RedisCacheConfig.java
--index a9f169e..55e5a38 100644
----- a/src/main/java/com/Ecommerce/EcommerceApp/config/RedisCacheConfig.java
--+++ b/src/main/java/com/Ecommerce/EcommerceApp/config/RedisCacheConfig.java
--@@ -7,6 +7,9 @@ import org.springframework.context.annotation.Configuration;
-- import org.springframework.data.redis.cache.RedisCacheConfiguration;
-- import org.springframework.data.redis.cache.RedisCacheManager;
-- import org.springframework.data.redis.connection.RedisConnectionFactory;
--+import org.springframework.data.redis.serializer.GenericJackson2JsonRedisSerializer;
--+import org.springframework.data.redis.serializer.RedisSerializationContext;
--+import org.springframework.data.redis.serializer.GenericJackson2JsonRedisSerializer.GenericJackson2JsonRedisSerializerBuilder;
-- 
-- @Configuration
-- public class RedisCacheConfig {
--@@ -14,8 +17,9 @@ public class RedisCacheConfig {
-- 	@Bean
-- 	RedisCacheManager redisCacheManager(RedisConnectionFactory redisConnectionFactory) {
-- 		RedisCacheConfiguration defaults = RedisCacheConfiguration.defaultCacheConfig()
---			.entryTtl(Duration.ofMinutes(60))
---			.enableTimeToIdle();
--+
--+				.entryTtl(Duration.ofMinutes(60))
--+				.enableTimeToIdle();
-- 
-- 		return RedisCacheManager.builder(redisConnectionFactory).cacheDefaults(defaults).build();
-- 
-diff --git a/docker-compose.yml b/docker-compose.yml
-index af27ec2..5d81ea6 100644
---- a/docker-compose.yml
-+++ b/docker-compose.yml
-@@ -1,30 +1,24 @@
- services:
-   postgres:
--    image: 'postgres:latest'
--    ports:
--      - 5432:5432
-+    image: postgres:17.1-alpine
-     environment:
--      - POSTGRES_USER=postgres
--      - POSTGRES_PASSWORD=salman
-+      POSTGRES_USER: postgres
-+      POSTGRES_PASSWORD: salman
-     
--    # env_file:
--    #   - .env
--    networks:
--      - postgres-network
-     volumes:
--      - ${PWD}/db-data/:/var/lib/postgresql
--      # - ${PWD}/init.sql:/docker-entrypoint-initdb.d/init.sql
-+      - pgdata:/var/lib/postgresql/data
-+    ports:
-+      - 5432:5432
- 
-   redis:
--    image: redis
--    container_name: redis
--    command: redis-server /usr/local/etc/redis/redis.conf
-+    image: redis:latest
-+    restart: always
-     ports:
--    - "6379:6379"
--    volumes:
--    - ./data:/data
--    - ./redis.conf:/usr/local/etc/redis/redis.conf
--  
--networks:
--  postgres-network:
--    
-\ No newline at end of file
-+      - '6379:6379'
-+    # command: redis-server --save 20 1 --loglevel warning --requirepass eYVX7EwVmmxKPCDmwMtyKVge8oLd2t81
-+    volumes: 
-+      - redisdata:/data
-+
-+volumes:
-+  pgdata:
-+  redisdata: 
-diff --git a/src/main/java/com/Ecommerce/EcommerceApp/Controllers/AuthController.java b/src/main/java/com/Ecommerce/EcommerceApp/Controllers/AuthController.java
-index 1f89351..e2935f6 100644
---- a/src/main/java/com/Ecommerce/EcommerceApp/Controllers/AuthController.java
-+++ b/src/main/java/com/Ecommerce/EcommerceApp/Controllers/AuthController.java
-@@ -1,5 +1,6 @@
- package com.Ecommerce.EcommerceApp.Controllers;
- 
-+import org.springframework.http.HttpHeaders;
- import org.springframework.http.HttpStatus;
- import org.springframework.http.ResponseEntity;
- import org.springframework.web.bind.annotation.PostMapping;
-@@ -32,7 +33,8 @@ public class AuthController {
- 	public ResponseEntity<LoginResponseDTO> signIn(@RequestBody LoginRequestDTO loginRequestDTO) {
- 		LoginResponseDTO responseDTO = authService.signIn(loginRequestDTO);
- 
--		return new ResponseEntity<>(responseDTO, HttpStatus.OK);
-+		return ResponseEntity.ok().header(HttpHeaders.SET_COOKIE, responseDTO.getJwtCookie().toString())
-+				.body(responseDTO);
- 
- 	}
- 
-diff --git a/src/main/java/com/Ecommerce/EcommerceApp/Security/DTOs/LoginResponseDTO.java b/src/main/java/com/Ecommerce/EcommerceApp/Security/DTOs/LoginResponseDTO.java
-index 54bfdae..dc0efff 100644
---- a/src/main/java/com/Ecommerce/EcommerceApp/Security/DTOs/LoginResponseDTO.java
-+++ b/src/main/java/com/Ecommerce/EcommerceApp/Security/DTOs/LoginResponseDTO.java
-@@ -2,6 +2,8 @@ package com.Ecommerce.EcommerceApp.Security.DTOs;
- 
- import java.util.List;
- 
-+import org.springframework.http.ResponseCookie;
-+
- import lombok.AllArgsConstructor;
- import lombok.Getter;
- import lombok.Setter;
-@@ -11,9 +13,11 @@ import lombok.Setter;
- @AllArgsConstructor
- public class LoginResponseDTO {
- 
--	private Long id;
-+	
-+
-+    private Long id;
- 
--	private String jwtToken;
-+	private ResponseCookie   jwtCookie;
- 
- 	private String username;
- 
-diff --git a/src/main/java/com/Ecommerce/EcommerceApp/Security/Jwt/AuthTokenFilter.java b/src/main/java/com/Ecommerce/EcommerceApp/Security/Jwt/AuthTokenFilter.java
-index 6703423..a930fe9 100644
---- a/src/main/java/com/Ecommerce/EcommerceApp/Security/Jwt/AuthTokenFilter.java
-+++ b/src/main/java/com/Ecommerce/EcommerceApp/Security/Jwt/AuthTokenFilter.java
-@@ -62,7 +62,7 @@ public class AuthTokenFilter extends OncePerRequestFilter {
- 	}
- 
- 	private String parseJwt(HttpServletRequest request) {
--		String jwt = jwtUtils.getjwtFromHeader(request);
-+		String jwt = jwtUtils.getJwtFromCookies(request);
- 		log.debug("AuthTokenFilter.java: {}", jwt);
- 		return jwt;
- 	}
-diff --git a/src/main/java/com/Ecommerce/EcommerceApp/Security/Jwt/JwtUtils.java b/src/main/java/com/Ecommerce/EcommerceApp/Security/Jwt/JwtUtils.java
-index e9583d0..fcb117a 100644
---- a/src/main/java/com/Ecommerce/EcommerceApp/Security/Jwt/JwtUtils.java
-+++ b/src/main/java/com/Ecommerce/EcommerceApp/Security/Jwt/JwtUtils.java
-@@ -6,8 +6,11 @@ import java.util.Date;
- import javax.crypto.SecretKey;
- 
- import org.springframework.beans.factory.annotation.Value;
--import org.springframework.security.core.userdetails.UserDetails;
-+import org.springframework.http.ResponseCookie;
- import org.springframework.stereotype.Component;
-+import org.springframework.web.util.WebUtils;
-+
-+import com.Ecommerce.EcommerceApp.Security.services.UserDetailsImpl;
- 
- import io.jsonwebtoken.ExpiredJwtException;
- import io.jsonwebtoken.Jwts;
-@@ -15,6 +18,7 @@ import io.jsonwebtoken.MalformedJwtException;
- import io.jsonwebtoken.UnsupportedJwtException;
- import io.jsonwebtoken.io.Decoders;
- import io.jsonwebtoken.security.Keys;
-+import jakarta.servlet.http.Cookie;
- import jakarta.servlet.http.HttpServletRequest;
- import lombok.extern.slf4j.Slf4j;
- 
-@@ -28,6 +32,9 @@ public class JwtUtils {
- 	@Value("${spring.app.jwtExpirationMs}")
- 	private int jwtExpirationMs;
- 
-+	@Value("${spring.app.jwtCookieName}")
-+	private String jwtCookie; 
-+
- 	public String getjwtFromHeader(HttpServletRequest request) {
- 		String bearerToken = request.getHeader("Authorization");
- 
-@@ -49,8 +56,8 @@ public class JwtUtils {
- 		return Keys.hmacShaKeyFor(Decoders.BASE64.decode(jwtSecret));
- 	}
- 
--	public String generateTokenFromUsername(UserDetails userDetails) {
--		String username = userDetails.getUsername();
-+	public String generateTokenFromUsername(String  username) {
-+	
- 
- 		return Jwts.builder()
- 			.subject(username)
-@@ -60,6 +67,31 @@ public class JwtUtils {
- 			.compact();
- 	}
- 
-+	
-+
-+	public String getJwtFromCookies(HttpServletRequest request) {
-+		Cookie cookie = WebUtils.getCookie(request, jwtCookie); 
-+
-+		if (cookie != null){
-+			return cookie.getValue(); 
-+		} else {
-+			return null; 
-+		}
-+
-+	}
-+
-+	public ResponseCookie generateJwtCookie(UserDetailsImpl userDetails) {
-+		String jwt = generateTokenFromUsername(userDetails.getUsername());
-+		
-+		ResponseCookie cookie = ResponseCookie.from(jwtCookie, jwt)
-+							.path("/api")
-+							.maxAge(24 * 60 * 60)
-+							.httpOnly(false)
-+							.build();  
-+
-+		return cookie; 
-+	}
-+
- 	public boolean validateJwtToken(String token) {
- 		try {
- 			System.out.println("------------Validate--------");
-diff --git a/src/main/java/com/Ecommerce/EcommerceApp/Services/AuthServiceImpl.java b/src/main/java/com/Ecommerce/EcommerceApp/Services/AuthServiceImpl.java
-index d38f0ed..ce7d889 100644
---- a/src/main/java/com/Ecommerce/EcommerceApp/Services/AuthServiceImpl.java
-+++ b/src/main/java/com/Ecommerce/EcommerceApp/Services/AuthServiceImpl.java
-@@ -5,6 +5,7 @@ import java.util.List;
- import java.util.Set;
- import java.util.stream.Collectors;
- 
-+import org.springframework.http.ResponseCookie;
- import org.springframework.security.authentication.AuthenticationManager;
- import org.springframework.security.authentication.BadCredentialsException;
- import org.springframework.security.authentication.UsernamePasswordAuthenticationToken;
-@@ -55,14 +56,14 @@ public class AuthServiceImpl implements AuthService {
- 
- 			UserDetailsImpl userDetails = (UserDetailsImpl) authentication.getPrincipal();
- 
--			String jwtToken = jwtUtils.generateTokenFromUsername(userDetails);
-+			ResponseCookie jwtCookie = jwtUtils.generateJwtCookie(userDetails);
- 
- 			List<String> roles = userDetails.getAuthorities()
- 				.stream()
- 				.map(item -> item.getAuthority())
- 				.collect(Collectors.toList());
- 
--			LoginResponseDTO responseDTO = new LoginResponseDTO(userDetails.getId(), jwtToken,
-+			LoginResponseDTO responseDTO = new LoginResponseDTO(userDetails.getId(), jwtCookie, 
- 					userDetails.getUsername(), roles);
- 
- 			return responseDTO;
-diff --git a/src/main/java/com/Ecommerce/EcommerceApp/config/RedisCacheConfig.java b/src/main/java/com/Ecommerce/EcommerceApp/config/RedisCacheConfig.java
-index 8eed506..06a12a9 100644
---- a/src/main/java/com/Ecommerce/EcommerceApp/config/RedisCacheConfig.java
-+++ b/src/main/java/com/Ecommerce/EcommerceApp/config/RedisCacheConfig.java
-@@ -7,9 +7,6 @@ import org.springframework.context.annotation.Configuration;
- import org.springframework.data.redis.cache.RedisCacheConfiguration;
- import org.springframework.data.redis.cache.RedisCacheManager;
- import org.springframework.data.redis.connection.RedisConnectionFactory;
--import org.springframework.data.redis.serializer.GenericJackson2JsonRedisSerializer;
--import org.springframework.data.redis.serializer.RedisSerializationContext;
--import org.springframework.data.redis.serializer.GenericJackson2JsonRedisSerializer.GenericJackson2JsonRedisSerializerBuilder;
- 
- @Configuration
- public class RedisCacheConfig {
-diff --git a/src/main/resources/application.properties b/src/main/resources/application.properties
-index 707e2ff..c2ff442 100644
---- a/src/main/resources/application.properties
-+++ b/src/main/resources/application.properties
-@@ -20,6 +20,7 @@ logging.level.org.hibernate.springframework=DEBUG
- spring.app.jwtSecret=thOh6wCuAawZYZGbgFrR6OuYzxFjGPbjcieTz2MiAwnPhoGkbaYBRYvUAt5/8bQGavn738U7ROPoWJYjeijUXQ==
- 
- spring.app.jwtExpirationMs=3000000
-+spring.app.jwtCookieName=ecommerceAuthCookie
- 
- spring.data.redis.host=localhost
- spring.data.redis.port=6379
